Name,year,set,cardNo,team,onbase,so,gb,fb,bb,b1,b2,b3,hr,pts,sp,hand,pos1,fld1,pos2,fld2,pos3,fld3,pos4,fld4
"Aaron Boone",2000,BS,111,CIN,7,0,2,2,2,7,2,1,2,240,20,R,3B,2,NULL,NULL,NULL,NULL,NULL,NULL
"Aaron Hill",2012,GU,NULL,NULL,9,0,1,3,3,5,4,1,2,410,16,NULL,2B,4,NULL,NULL,NULL,NULL,NULL,NULL
"Adam Dunn",2012,GU,NULL,NULL,8,5,0,1,5,2,2,0,5,360,10,NULL,1B,0,NULL,NULL,NULL,NULL,NULL,NULL
"Adam Jones",2012,GU,NULL,NULL,8,2,1,2,2,5,3,1,3,400,20,NULL,CF,2,LFRF,1,NULL,NULL,NULL,NULL
"Adam Laroche",2012,GU,NULL,NULL,8,3,0,1,6,3,3,0,4,350,12,NULL,1B,1,NULL,NULL,NULL,NULL,NULL,NULL
"Adrian Beltre",2000,BS,218,LAN,8,1,2,2,4,6,1,1,2,310,20,R,3B,2,NULL,NULL,NULL,NULL,NULL,NULL
"Adrian Beltre",2012,GU,NULL,NULL,9,1,1,3,2,7,3,0,3,400,15,NULL,3B,3,NULL,NULL,NULL,NULL,NULL,NULL
"Adrian Brown",2000,BS,344,PIT,8,1,3,0,6,7,0,1,1,210,15,S,OF,0,NULL,NULL,NULL,NULL,NULL,NULL
"Adrian Gonzalez",2012,GU,NULL,NULL,8,1,1,2,3,8,4,0,1,180,10,NULL,1B,1,NULL,NULL,NULL,NULL,NULL,NULL
"AJ Ellis",2012,GU,NULL,NULL,10,2,2,2,6,5,2,0,1,330,11,NULL,C,6,NULL,NULL,NULL,NULL,NULL,NULL
"AJ Pierzynski",2012,GU,NULL,NULL,7,1,1,2,3,7,2,1,3,250,14,NULL,C,5,NULL,NULL,NULL,NULL,NULL,NULL
"Al Martin",2000,BS,349,PIT,7,1,1,1,3,4,3,1,4,320,20,L,LFRF,1,NULL,NULL,NULL,NULL,NULL,NULL
"Albert Belle",2000,BS,51,BAL,9,0,2,2,6,4,2,0,3,390,15,R,LFRF,0,NULL,NULL,NULL,NULL,NULL,NULL
"Albert Belle",2001,BS,49,BAL,8,0,2,3,2,7,3,0,3,240,10,R,LFRF,1,NULL,NULL,NULL,NULL,NULL,NULL
"Albert Pujols",2012,GU,NULL,NULL,8,1,1,2,3,5,5,0,3,350,16,NULL,1B,1,NULL,NULL,NULL,NULL,NULL,NULL
"Alberto Callaspo",2012,GU,NULL,NULL,7,1,0,1,5,10,2,0,1,100,15,NULL,3B,2,NULL,NULL,NULL,NULL,NULL,NULL
"Alcides Escobar",2012,GU,NULL,NULL,7,1,1,0,2,8,3,3,0,220,21,NULL,SS,2,NULL,NULL,NULL,NULL,NULL,NULL
"Alejando De Aza",2012,GU,NULL,NULL,8,1,1,1,3,8,2,2,1,300,19,NULL,CF,1,LFRF,0,NULL,NULL,NULL,NULL
"Alex Arias",2000,BS,329,PHN,8,0,3,1,3,10,2,0,1,220,15,R,SS,3,NULL,NULL,NULL,NULL,NULL,NULL
"Alex Avila",2012,GU,NULL,NULL,8,2,0,0,7,7,2,1,1,240,15,NULL,C,6,NULL,NULL,NULL,NULL,NULL,NULL
"Alex Gordon",2012,GU,NULL,NULL,9,2,0,1,4,7,4,1,1,270,17,NULL,LFRF,2,NULL,NULL,NULL,NULL,NULL,NULL
"Alex Presley",2012,GU,NULL,NULL,5,2,3,1,1,5,2,3,2,80,21,NULL,LFRF,1,NULL,NULL,NULL,NULL,NULL,NULL
"Alex Rios",2012,GU,NULL,NULL,8,2,1,2,1,5,3,2,3,410,20,NULL,LFRF,2,NULL,NULL,NULL,NULL,NULL,NULL
"Alex Rodriguez",2012,GU,NULL,NULL,8,1,1,0,5,8,2,0,2,240,15,NULL,3B,2,NULL,NULL,NULL,NULL,NULL,NULL
"Alexi Amarista",2012,GU,NULL,NULL,5,3,0,1,2,7,3,2,1,50,16,NULL,2B,3,OF,1,SS,3,NULL,NULL
"Alexi Casilla",2012,GU,NULL,NULL,5,2,2,1,2,7,3,2,0,70,19,NULL,2B,3,NULL,NULL,NULL,NULL,NULL,NULL
"Alexi Ramirez",2012,GU,NULL,NULL,5,1,2,2,1,9,2,1,1,80,18,NULL,SS,4,NULL,NULL,NULL,NULL,NULL,NULL
"Alfonso Soriano",2012,GU,NULL,NULL,7,5,0,1,2,5,2,0,5,280,11,NULL,LFRF,0,NULL,NULL,NULL,NULL,NULL,NULL
"Allen Craig",2012,GU,NULL,NULL,9,0,2,4,2,7,3,0,2,350,15,NULL,1B,0,LFRF,0,NULL,NULL,NULL,NULL
"Andre Ethier",2012,GU,NULL,NULL,8,2,0,0,5,8,3,0,2,250,15,NULL,LFRF,2,NULL,NULL,NULL,NULL,NULL,NULL
"Andrelton Simmons",2012,GU,NULL,NULL,8,1,4,0,3,7,3,2,0,200,20,NULL,SS,5,NULL,NULL,NULL,NULL,NULL,NULL
"Andres Galarraga",2001,BS,34,ATL,8,2,1,0,3,8,2,0,4,300,15,R,1B,0,NULL,NULL,NULL,NULL,NULL,NULL
"Andres Torres",2012,GU,NULL,NULL,7,3,0,0,6,5,3,2,0,200,21,NULL,CF,2,LFRF,1,NULL,NULL,NULL,NULL
"Andrew McCutchen",2012,GU,NULL,NULL,10,2,0,1,2,7,3,1,2,590,21,NULL,CF,3,LFRF,2,NULL,NULL,NULL,NULL
"Andruw Jones",2012,GU,NULL,NULL,5,2,0,3,5,4,1,0,5,100,11,NULL,LFRF,0,NULL,NULL,NULL,NULL,NULL,NULL
"Andy Dirks",2012,GU,NULL,NULL,9,1,0,1,3,10,2,2,1,340,18,NULL,LFRF,1,NULL,NULL,NULL,NULL,NULL,NULL
"Angel Pagan",2012,GU,NULL,NULL,8,0,2,3,2,4,2,5,1,350,20,NULL,CF,2,LFRF,1,NULL,NULL,NULL,NULL
"Anthony Gose",2012,GU,NULL,NULL,6,4,2,0,2,4,2,3,0,80,20,NULL,CF,2,LFRF,1,NULL,NULL,NULL,NULL
"Anthony Rizzo",2012,GU,NULL,NULL,8,1,1,2,3,8,3,0,2,290,13,NULL,1B,0,NULL,NULL,NULL,NULL,NULL,NULL
"Aramis Ramirez",2012,GU,NULL,NULL,9,0,0,3,3,7,4,1,2,260,11,NULL,3B,3,NULL,NULL,NULL,NULL,NULL,NULL
"Asdrubal Cabrera",2012,GU,NULL,NULL,8,1,1,3,3,7,3,0,2,240,17,NULL,SS,1,NULL,NULL,NULL,NULL,NULL,NULL
"Austin Jackson",2012,GU,NULL,NULL,10,3,0,1,3,6,2,3,1,500,22,NULL,CF,2,LFRF,1,NULL,NULL,NULL,NULL
"Austin Kearns",2012,GU,NULL,NULL,8,1,1,0,7,7,2,0,2,190,12,NULL,LFRF,0,NULL,NULL,NULL,NULL,NULL,NULL
"Barry Larkin",2000,BS,116,CIN,9,0,3,1,6,5,2,0,1,360,20,R,SS,5,NULL,NULL,NULL,NULL,NULL,NULL
"Ben Revere",2012,GU,NULL,NULL,8,1,4,1,1,8,1,2,0,170,22,NULL,LFRF,2,NULL,NULL,NULL,NULL,NULL,NULL
"Ben Zobrist",2012,GU,NULL,NULL,10,1,2,1,5,4,3,2,1,500,17,NULL,LFRF,2,2B,3,SS,3,NULL,NULL
"Bill Mueller",2000,BS,381,SFN,9,0,3,1,7,8,1,0,0,220,15,S,3B,3,NULL,NULL,NULL,NULL,NULL,NULL
"BJ Upton",2012,GU,NULL,NULL,5,4,0,1,1,3,4,1,5,120,20,NULL,CF,2,LFRF,1,NULL,NULL,NULL,NULL
"Bobby Abreu",2000,BS,327,PHN,10,2,1,0,6,5,2,1,2,550,20,L,LFRF,1,NULL,NULL,NULL,NULL,NULL,NULL
"Bobby Abreu",2001,BS,323,PHI,10,2,1,1,6,4,2,1,2,510,20,L,LFRF,2,NULL,NULL,NULL,NULL,NULL,NULL
"Bobby Abreu",2012,GU,NULL,NULL,8,0,2,0,9,5,2,0,1,200,18,NULL,LFRF,0,NULL,NULL,NULL,NULL,NULL,NULL
"Bobby Higginson",2001,BS,164,DET,9,1,0,3,4,5,3,0,3,450,20,L,LFRF,2,NULL,NULL,NULL,NULL,NULL,NULL
"Bobby Wilson",2012,GU,NULL,NULL,5,3,2,1,4,7,2,0,1,30,10,NULL,C,5,NULL,NULL,NULL,NULL,NULL,NULL
"Brad Ausmus",2000,BS,157,DET,8,0,2,1,6,6,2,1,1,240,15,R,C,7,NULL,NULL,NULL,NULL,NULL,NULL
"Brady Anderson",2000,BS,50,BAL,10,1,1,3,7,4,1,0,2,500,20,L,OF,1,NULL,NULL,NULL,NULL,NULL,NULL
"Brandon Belt",2012,GU,NULL,NULL,9,2,1,2,5,6,2,1,1,340,18,NULL,1B,0,NULL,NULL,NULL,NULL,NULL,NULL
"Brandon Crawford",2012,GU,NULL,NULL,6,1,1,1,5,8,3,1,0,60,15,NULL,SS,1,NULL,NULL,NULL,NULL,NULL,NULL
"Brandon Inge",2012,GU,NULL,NULL,5,2,1,2,4,7,2,0,2,120,13,NULL,3B,2,NULL,NULL,NULL,NULL,NULL,NULL
"Brandon Moss",2012,GU,NULL,NULL,9,4,0,1,4,5,2,0,4,360,10,NULL,1B,0,NULL,NULL,NULL,NULL,NULL,NULL
"Brandon Phillips",2012,GU,NULL,NULL,7,0,3,3,1,7,3,0,2,240,22,NULL,2B,4,NULL,NULL,NULL,NULL,NULL,NULL
"Brandon Snyder",2012,GU,NULL,NULL,6,4,0,1,2,7,2,0,4,200,13,NULL,1B,0,LFRF,1,3B,0,NULL,NULL
"Brant Brown",2000,BS,345,PIT,5,2,0,0,1,2,5,1,8,220,15,L,OF,1,NULL,NULL,NULL,NULL,NULL,NULL
"Brayan Pena",2012,GU,NULL,NULL,5,0,3,3,3,8,3,0,0,10,11,NULL,C,4,NULL,NULL,NULL,NULL,NULL,NULL
"Brendan Ryan",2012,GU,NULL,NULL,5,2,2,2,3,4,4,2,0,30,17,NULL,SS,4,NULL,NULL,NULL,NULL,NULL,NULL
"Brennan Boesch",2012,GU,NULL,NULL,5,3,1,1,3,9,2,0,1,30,15,NULL,LFRF,0,NULL,NULL,NULL,NULL,NULL,NULL
"Brent Lilliebridge",2012,GU,NULL,NULL,5,5,0,1,3,7,2,0,2,70,19,NULL,3B,2,LFRF,0,SS,2,NULL,NULL
"Brent Mayne",2000,BS,380,SFN,9,2,1,1,5,7,4,0,0,250,15,L,C,6,NULL,NULL,NULL,NULL,NULL,NULL
"Bret Boone",2000,BS,32,ATL,6,0,1,1,3,6,4,0,4,190,15,R,2B,2,NULL,NULL,NULL,NULL,NULL,NULL
"Brett Lawrie",2012,GU,NULL,NULL,7,1,2,2,2,7,3,1,1,110,15,NULL,3B,1,NULL,NULL,NULL,NULL,NULL,NULL
"Brett Wallace",2012,GU,NULL,NULL,7,4,0,2,2,6,3,0,3,220,14,NULL,1B,0,NULL,NULL,NULL,NULL,NULL,NULL
"Brian Bogusevic",2012,GU,NULL,NULL,5,3,0,0,5,8,1,1,1,40,19,NULL,CF,1,NULL,NULL,NULL,NULL,NULL,NULL
"Brian Dozer",2012,GU,NULL,NULL,5,2,2,1,2,8,2,1,1,40,16,NULL,SS,2,NULL,NULL,NULL,NULL,NULL,NULL
"Brian L. Hunter",2000,BS,393,SEA,5,0,2,0,1,7,0,2,1,90,20,R,LFRF,2,NULL,NULL,NULL,NULL,NULL,NULL
"Brian McCann",2012,GU,NULL,NULL,6,2,1,3,3,6,2,0,3,160,10,NULL,C,4,NULL,NULL,NULL,NULL,NULL,NULL
"Brian Petersen",2012,GU,NULL,NULL,5,2,2,2,4,5,2,0,2,60,19,NULL,CF,1,NULL,NULL,NULL,NULL,NULL,NULL
"Bruce Aven",2000,BS,173,MIA,9,2,1,2,5,7,1,0,2,320,15,R,LFRF,1,NULL,NULL,NULL,NULL,NULL,NULL
"Bryan LaHair",2012,GU,NULL,NULL,8,4,0,2,3,6,3,0,2,280,13,NULL,1B,0,LFRF,0,NULL,NULL,NULL,NULL
"Bryce Harper",2012,GU,NULL,NULL,8,2,1,1,4,5,2,2,2,360,21,NULL,CF,1,NULL,NULL,NULL,NULL,NULL,NULL
"Bubba Trammell",2000,BS,428,TBA,9,0,1,3,5,6,2,0,3,370,10,R,LFRF,1,NULL,NULL,NULL,NULL,NULL,NULL
"Buster Posey",2012,GU,NULL,NULL,10,0,1,1,5,8,3,0,2,510,14,NULL,C,6,1B,0,NULL,NULL,NULL,NULL
"Cameron Maybin",2012,GU,NULL,NULL,6,1,3,1,3,7,2,1,1,100,20,NULL,CF,2,LFRF,1,NULL,NULL,NULL,NULL
"Carlos Beltran",2000,BS,203,KCR,7,1,1,1,1,9,1,1,3,320,20,S,OF,1,NULL,NULL,NULL,NULL,NULL,NULL
"Carlos Beltran",2001,BS,200,KCA,7,1,3,1,3,6,1,1,2,190,20,S,CF,2,LFRF,1,NULL,NULL,NULL,NULL
"Carlos Beltran",2012,GU,NULL,NULL,8,2,0,1,6,6,2,0,3,300,17,NULL,LFRF,1,NULL,NULL,NULL,NULL,NULL,NULL
"Carlos Gomez",2012,GU,NULL,NULL,6,2,2,1,1,3,3,1,4,250,21,NULL,CF,2,LFRF,1,NULL,NULL,NULL,NULL
"Carlos Gonzalez",2012,GU,NULL,NULL,9,1,0,1,4,8,2,1,2,420,20,NULL,LFRF,1,NULL,NULL,NULL,NULL,NULL,NULL
"Carlos Lee",2012,GU,NULL,NULL,8,0,2,4,6,5,2,0,1,140,8,NULL,1B,0,NULL,NULL,NULL,NULL,NULL,NULL
"Carlos Pena",2012,GU,NULL,NULL,7,2,0,0,9,6,2,0,1,110,13,NULL,1B,0,NULL,NULL,NULL,NULL,NULL,NULL
"Carlos Quentin",2012,GU,NULL,NULL,9,0,0,2,5,8,3,0,2,330,15,NULL,LFRF,0,NULL,NULL,NULL,NULL,NULL,NULL
"Carlos Ruiz",2012,GU,NULL,NULL,10,0,1,2,3,9,4,0,1,370,9,NULL,C,6,NULL,NULL,NULL,NULL,NULL,NULL
"Carlos Santana",2012,GU,NULL,NULL,9,2,1,1,6,6,2,0,2,390,14,NULL,C,5,1B,0,NULL,NULL,NULL,NULL
"Casey Kotchman",2012,GU,NULL,NULL,5,1,4,1,3,8,2,0,1,40,15,NULL,1B,0,NULL,NULL,NULL,NULL,NULL,NULL
"Casper Wells",2012,GU,NULL,NULL,6,2,1,3,3,6,2,1,2,80,14,NULL,LFRF,2,NULL,NULL,NULL,NULL,NULL,NULL
"Chad Allen",2000,BS,248,MIN,7,1,2,0,2,10,1,1,2,240,20,R,LFRF,1,NULL,NULL,NULL,NULL,NULL,NULL
"Charlie Hayes",2001,BS,237,MIL,7,2,0,1,7,8,0,0,2,90,10,R,3B,2,1B,0,NULL,NULL,NULL,NULL
"Chase Headley",2012,GU,NULL,NULL,10,4,0,1,4,6,2,0,2,460,16,NULL,3B,2,NULL,NULL,NULL,NULL,NULL,NULL
"Chase Utley",2012,GU,NULL,NULL,9,0,2,3,5,6,2,0,1,350,19,NULL,2B,2,NULL,NULL,NULL,NULL,NULL,NULL
"Chipper Jones",2000,BS,37,ATL,10,1,2,1,7,3,2,0,3,610,20,S,3B,2,NULL,NULL,NULL,NULL,NULL,NULL
"Chipper Jones",2012,GU,NULL,NULL,10,1,0,1,7,8,2,0,1,320,11,NULL,3B,2,NULL,NULL,NULL,NULL,NULL,NULL
"Chone Figgins",2012,GU,NULL,NULL,5,3,1,2,4,4,2,3,0,50,18,NULL,3B,1,LFRF,1,NULL,NULL,NULL,NULL
"Chris Carter",2012,GU,NULL,NULL,8,2,0,0,7,5,2,0,4,310,10,NULL,1B,0,NULL,NULL,NULL,NULL,NULL,NULL
"Chris Davis",2012,GU,NULL,NULL,7,3,0,0,3,8,2,0,4,260,11,NULL,LFRF,0,1B,0,NULL,NULL,NULL,NULL
"Chris Denorfia",2012,GU,NULL,NULL,8,0,3,1,3,7,2,2,1,220,18,NULL,LFRF,1,NULL,NULL,NULL,NULL,NULL,NULL
"Chris Getz",2012,GU,NULL,NULL,6,0,2,2,3,7,3,2,0,70,18,NULL,2B,3,NULL,NULL,NULL,NULL,NULL,NULL
"Chris Heisey",2012,GU,NULL,NULL,6,1,0,2,2,10,2,2,1,80,15,NULL,CF,1,NULL,NULL,NULL,NULL,NULL,NULL
"Chris Ianetta",2012,GU,NULL,NULL,8,2,2,2,5,6,1,0,2,220,14,NULL,C,5,NULL,NULL,NULL,NULL,NULL,NULL
"Chris Johnson",2012,GU,NULL,NULL,7,3,0,1,4,6,3,1,2,170,16,NULL,3B,0,NULL,NULL,NULL,NULL,NULL,NULL
"Chris Nelson",2012,GU,NULL,NULL,8,1,0,1,4,10,2,1,1,280,20,NULL,CF,2,LFRF,1,NULL,NULL,NULL,NULL
"Chris Parmlee",2012,GU,NULL,NULL,5,1,1,3,2,8,3,1,1,70,17,NULL,LFRF,0,1B,0,NULL,NULL,NULL,NULL
"Chris Richard",2001,BS,60,BAL,7,2,1,2,5,4,2,0,3,130,15,L,1B,0,NULL,NULL,NULL,NULL,NULL,NULL
"Chris Snyder",2012,GU,NULL,NULL,5,2,1,0,7,6,2,0,2,50,9,NULL,C,4,NULL,NULL,NULL,NULL,NULL,NULL
"Chris Stewart",2012,GU,NULL,NULL,5,0,2,3,4,7,4,0,0,10,12,NULL,C,4,NULL,NULL,NULL,NULL,NULL,NULL
"Chris Young",2012,GU,NULL,NULL,6,0,4,0,2,7,4,0,2,110,20,NULL,CF,2,LFRF,1,NULL,NULL,NULL,NULL
"Cliff Pennington",2012,GU,NULL,NULL,5,2,3,1,4,6,2,1,0,40,15,NULL,SS,4,2B,4,NULL,NULL,NULL,NULL
"Clint Barmes",2012,GU,NULL,NULL,4,2,1,3,3,8,2,0,1,10,12,NULL,SS,2,NULL,NULL,NULL,NULL,NULL,NULL
"Coco Crisp",2012,GU,NULL,NULL,7,1,2,2,2,5,3,2,1,250,22,NULL,CF,3,LFRF,2,NULL,NULL,NULL,NULL
"Cody Ross",2012,GU,NULL,NULL,7,3,0,2,3,5,4,0,3,280,14,NULL,LFRF,1,NULL,NULL,NULL,NULL,NULL,NULL
"Colby Rasmus",2012,GU,NULL,NULL,5,3,0,2,2,5,2,2,4,80,17,NULL,CF,1,LFRF,0,NULL,NULL,NULL,NULL
"Corey Hart",2012,GU,NULL,NULL,7,5,0,0,3,3,4,1,4,280,12,NULL,1B,0,LFRF,1,NULL,NULL,NULL,NULL
"Craig Biggio",2000,BS,189,HOU,9,1,3,1,5,5,3,0,1,350,20,R,2B,3,NULL,NULL,NULL,NULL,NULL,NULL
"Craig Gentry",2012,GU,NULL,NULL,9,1,2,0,3,8,2,2,0,270,20,NULL,CF,2,LFRF,1,NULL,NULL,NULL,NULL
"Cristian Guzman",2001,BS,247,MIN,7,1,5,0,2,5,1,3,1,160,20,S,SS,2,NULL,NULL,NULL,NULL,NULL,NULL
"Curtis Granderson",2012,GU,NULL,NULL,6,3,0,0,4,3,2,1,7,290,20,NULL,CF,2,LFRF,1,NULL,NULL,NULL,NULL
"Damian Jackson",2000,BS,362,SDN,7,3,0,2,7,0,2,0,2,210,20,R,SS,3,NULL,NULL,NULL,NULL,NULL,NULL
"Damon Buford",2000,BS,65,BOS,6,2,1,1,3,6,3,0,2,150,20,R,OF,1,NULL,NULL,NULL,NULL,NULL,NULL
"Dan Uggla",2012,GU,NULL,NULL,8,3,0,0,8,4,3,0,2,210,10,NULL,2B,2,NULL,NULL,NULL,NULL,NULL,NULL
"Dan Wilson",2000,BS,401,SEA,7,2,1,2,1,9,2,1,1,170,15,R,C,4,NULL,NULL,NULL,NULL,NULL,NULL
"Daniel Descalso",2012,GU,NULL,NULL,6,4,0,2,4,7,1,2,0,70,16,NULL,1B,0,2B,2,SS,0,3B,2
"Daniel Murphy",2012,GU,NULL,NULL,8,0,4,2,3,6,4,1,0,200,15,NULL,1B,0,2B,0,NULL,NULL,NULL,NULL
"Daniel Nava",2012,GU,NULL,NULL,8,1,0,1,7,7,3,0,1,170,15,NULL,LFRF,1,NULL,NULL,NULL,NULL,NULL,NULL
"Danny Espinosa",2012,GU,NULL,NULL,6,3,0,0,3,7,4,0,2,190,20,NULL,2B,4,SS,0,NULL,NULL,NULL,NULL
"Dante Bichette",2000,BS,145,COL,8,0,2,2,3,6,3,0,4,350,15,R,LFRF,0,NULL,NULL,NULL,NULL,NULL,NULL
"Darin Erstad",2000,BS,4,LAA,6,0,2,1,2,10,1,1,2,140,15,L,LFRF,2,1B,1,NULL,NULL,NULL,NULL
"Darin Mastoianni",2012,GU,NULL,NULL,7,3,0,0,4,9,0,2,1,210,19,NULL,LFRF,1,NULL,NULL,NULL,NULL,NULL,NULL
"Darren Bragg",2000,BS,405,SLN,9,3,2,0,7,6,1,0,1,260,15,L,OF,2,NULL,NULL,NULL,NULL,NULL,NULL
"Darwin Barney",2012,GU,NULL,NULL,5,0,1,1,2,12,3,1,0,20,16,NULL,2B,5,NULL,NULL,NULL,NULL,NULL,NULL
"Dave Berg",2000,BS,174,MIA,8,2,1,1,3,10,2,0,1,260,15,R,2B,3,SS,3,3B,1,NULL,NULL
"Dave Martinez",2000,BS,424,TBA,8,1,1,2,4,8,1,1,1,230,15,L,CF,0,LFRF,1,NULL,NULL,NULL,NULL
"David Bell",2000,BS,387,SEA,7,0,2,2,4,6,2,0,3,220,15,R,2B,3,NULL,NULL,NULL,NULL,NULL,NULL
"David Dejesus",2012,GU,NULL,NULL,8,0,1,1,5,7,3,2,1,250,15,NULL,CF,1,NULL,NULL,NULL,NULL,NULL,NULL
"David Freese",2012,GU,NULL,NULL,9,2,0,0,5,9,2,0,2,330,15,NULL,3B,0,NULL,NULL,NULL,NULL,NULL,NULL
"David Justice",2000,BS,133,CLE,10,2,2,1,7,5,1,0,2,350,10,L,LFRF,2,NULL,NULL,NULL,NULL,NULL,NULL
"David Murphy",2012,GU,NULL,NULL,10,1,1,2,4,8,2,1,1,370,17,NULL,LFRF,1,NULL,NULL,NULL,NULL,NULL,NULL
"David Nilsson",2000,BS,242,MIL,10,1,1,3,5,6,1,0,3,450,10,L,C,4,NULL,NULL,NULL,NULL,NULL,NULL
"David Ortiz",2001,BS,256,MIN,9,2,2,1,5,5,4,0,1,180,10,L,DH,0,NULL,NULL,NULL,NULL,NULL,NULL
"David Ross",2012,GU,NULL,NULL,7,5,0,1,3,6,2,0,3,200,12,NULL,C,8,NULL,NULL,NULL,NULL,NULL,NULL
"David Segui",2001,BS,136,CLE,9,0,3,0,3,9,3,0,2,320,10,S,1B,0,NULL,NULL,NULL,NULL,NULL,NULL
"David Wright",2012,GU,NULL,NULL,10,1,1,2,7,4,3,0,1,450,20,NULL,3B,2,NULL,NULL,NULL,NULL,NULL,NULL
"Dayan Viciedo",2012,GU,NULL,NULL,6,3,1,2,2,6,2,0,4,240,13,NULL,LFRF,0,NULL,NULL,NULL,NULL,NULL,NULL
"Dean Palmer",2000,BS,170,DET,7,2,0,1,5,5,1,0,6,320,15,R,3B,1,NULL,NULL,NULL,NULL,NULL,NULL
"Dee Gordon",2012,GU,NULL,NULL,5,0,4,0,2,8,1,1,0,50,23,NULL,SS,0,NULL,NULL,NULL,NULL,NULL,NULL
"Delino DeShields",2001,BS,51,BAL,9,1,3,1,4,5,3,0,1,320,20,L,2B,2,LFRF,1,NULL,NULL,NULL,NULL
"Denard Span",2012,GU,NULL,NULL,8,1,2,1,4,6,4,1,0,250,20,NULL,CF,3,LFRF,2,NULL,NULL,NULL,NULL
"Denny Hocking",2001,BS,249,MIN,9,2,1,1,5,7,2,1,0,260,15,S,2B,2,CF,2,LFRF,1,NULL,NULL
"Derek Bell",2000,BS,188,HOU,6,1,1,0,6,7,1,0,2,140,20,R,LFRF,1,NULL,NULL,NULL,NULL,NULL,NULL
"Derek Jeter",2000,BS,301,NYA,10,1,2,0,5,7,1,1,2,490,15,R,SS,3,NULL,NULL,NULL,NULL,NULL,NULL
"Derek Jeter",2012,GU,NULL,NULL,9,0,4,0,3,8,4,0,1,320,18,NULL,SS,4,NULL,NULL,NULL,NULL,NULL,NULL
"Derrek Lee",2000,BS,180,MIA,5,3,0,0,3,7,2,0,4,100,15,R,1B,1,NULL,NULL,NULL,NULL,NULL,NULL
"Desi Relaford",2001,BS,363,SDN,8,1,2,2,9,4,0,0,1,170,20,S,SS,2,NULL,NULL,NULL,NULL,NULL,NULL
"Desmond Jennings",2012,GU,NULL,NULL,6,2,0,2,3,6,2,3,1,170,22,NULL,LFRF,2,NULL,NULL,NULL,NULL,NULL,NULL
"Devin Mesoraco",2012,GU,NULL,NULL,5,0,2,2,5,5,3,0,3,100,14,NULL,C,4,NULL,NULL,NULL,NULL,NULL,NULL
"Dewayne Wise",2012,GU,NULL,NULL,5,1,1,2,1,7,3,1,2,80,20,NULL,CF,2,NULL,NULL,NULL,NULL,NULL,NULL
"Dexter Fowler",2012,GU,NULL,NULL,10,2,2,0,7,4,1,2,1,470,21,NULL,CF,2,LFRF,1,NULL,NULL,NULL,NULL
"DJ LeMahieu",2012,GU,NULL,NULL,8,1,4,1,3,6,3,2,0,130,16,NULL,2B,4,NULL,NULL,NULL,NULL,NULL,NULL
"Dominic Brown",2012,GU,NULL,NULL,6,1,1,2,6,5,3,1,1,60,15,NULL,LFRF,1,NULL,NULL,NULL,NULL,NULL,NULL
"Donovan Solano",2012,GU,NULL,NULL,8,1,1,2,3,8,2,2,0,200,20,NULL,2B,0,LFRF,1,3B,0,NULL,NULL
"Drew Stubbs",2012,GU,NULL,NULL,5,6,0,0,3,5,2,0,2,60,21,NULL,CF,2,LFRF,1,NULL,NULL,NULL,NULL
"Dustin Ackley",2012,GU,NULL,NULL,5,2,1,1,5,7,3,0,1,40,16,NULL,2B,3,NULL,NULL,NULL,NULL,NULL,NULL
"Dustin Pedroia",2012,GU,NULL,NULL,8,0,1,2,3,7,3,1,2,320,19,NULL,2B,4,NULL,NULL,NULL,NULL,NULL,NULL
"Ed Sprague",2000,BS,354,PIT,8,1,1,3,5,5,2,0,3,280,15,R,3B,0,NULL,NULL,NULL,NULL,NULL,NULL
"Edgar Martinez",2000,BS,396,SEA,10,1,1,0,7,7,2,0,2,430,15,R,DH,0,NULL,NULL,NULL,NULL,NULL,NULL
"Edgar Renteria",2000,BS,415,SLN,7,0,1,2,4,6,3,0,1,210,20,R,SS,3,NULL,NULL,NULL,NULL,NULL,NULL
"Edgar Renteria",2001,BS,412,SLN,8,0,3,1,4,7,2,0,2,270,20,R,SS,3,NULL,NULL,NULL,NULL,NULL,NULL
"Edgardo Alfonzo",2000,BS,278,NYN,9,0,1,4,5,6,2,0,2,350,15,R,2B,5,NULL,NULL,NULL,NULL,NULL,NULL
"Edwin Encarnacion",2012,GU,NULL,NULL,10,1,0,3,5,6,2,0,3,510,16,NULL,1B,0,NULL,NULL,NULL,NULL,NULL,NULL
"Ellis Burks",2000,BS,375,SFN,9,1,1,2,7,3,1,0,4,440,15,R,LFRF,0,NULL,NULL,NULL,NULL,NULL,NULL
"Elvis Andrus",2012,GU,NULL,NULL,8,1,2,0,3,7,3,3,0,210,22,NULL,SS,2,NULL,NULL,NULL,NULL,NULL,NULL
"Emilio Bonifacio",2012,GU,NULL,NULL,7,1,1,0,7,6,0,2,0,230,21,NULL,CF,2,LFRF,1,2B,2,NULL,NULL
"Endy Chaves",2012,GU,NULL,NULL,5,0,4,2,3,7,3,0,0,10,16,NULL,LFRF,1,NULL,NULL,NULL,NULL,NULL,NULL
"Enrique Wilson",2000,BS,141,CLE,7,0,3,2,2,8,4,0,0,130,15,S,2B,1,SS,1,3B,1,NULL,NULL
"Eric Chavez",2012,GU,NULL,NULL,8,1,2,0,5,7,2,0,3,310,12,NULL,3B,3,1B,0,NULL,NULL,NULL,NULL
"Eric Hosmer",2012,GU,NULL,NULL,6,2,3,1,4,6,2,0,2,120,16,NULL,1B,0,NULL,NULL,NULL,NULL,NULL,NULL
"Eric Owens",2000,BS,365,SDN,7,0,3,1,3,6,2,1,1,210,20,R,CF,2,LFRF,1,NULL,NULL,NULL,NULL
"Erick Aybar",2012,GU,NULL,NULL,7,1,4,0,1,7,4,2,0,210,20,NULL,SS,3,NULL,NULL,NULL,NULL,NULL,NULL
"Erik Kratz",2012,GU,NULL,NULL,6,1,1,3,3,4,3,0,5,220,10,NULL,C,9,NULL,NULL,NULL,NULL,NULL,NULL
"Evan Longoria",2012,GU,NULL,NULL,9,1,0,2,5,7,2,0,3,390,15,NULL,3B,1,NULL,NULL,NULL,NULL,NULL,NULL
"Evereth Cabrera",2012,GU,NULL,NULL,7,2,3,0,5,4,3,1,0,190,22,NULL,SS,2,NULL,NULL,NULL,NULL,NULL,NULL
"F. P. Santangelo",2000,BS,385,SFN,10,2,1,2,9,3,2,0,0,350,20,S,OF,1,NULL,NULL,NULL,NULL,NULL,NULL
"Felix Martinez",2001,BS,427,TBA,6,1,2,0,6,7,1,1,1,90,20,S,SS,4,NULL,NULL,NULL,NULL,NULL,NULL
"Frank Catalanotto",2001,BS,434,TEX,9,0,2,2,5,7,1,0,2,300,15,L,2B,2,1B,0,NULL,NULL,NULL,NULL
"Franklin Gutierez",2012,GU,NULL,NULL,6,1,2,2,3,6,3,1,1,100,18,NULL,CF,3,LFRF,2,NULL,NULL,NULL,NULL
"Fred McGriff",2000,BS,425,TBA,10,2,2,1,5,6,1,0,3,430,10,L,1B,0,NULL,NULL,NULL,NULL,NULL,NULL
"Freddie Freeman",2012,GU,NULL,NULL,8,3,0,1,4,6,3,1,2,310,15,NULL,1B,0,NULL,NULL,NULL,NULL,NULL,NULL
"Freddy Galvis",2012,GU,NULL,NULL,5,1,1,4,3,6,4,0,1,50,17,NULL,2B,4,NULL,NULL,NULL,NULL,NULL,NULL
"Gabe Kapler",2000,BS,166,DET,7,0,2,3,4,3,2,1,4,310,20,R,CF,2,LFRF,1,NULL,NULL,NULL,NULL
"Gaby Sanchez",2012,GU,NULL,NULL,7,0,2,4,3,7,3,0,1,120,13,NULL,1B,0,NULL,NULL,NULL,NULL,NULL,NULL
"Garret Anderson",2000,BS,1,LAA,7,0,3,1,0,10,3,0,3,250,15,L,CF,3,LFRF,2,NULL,NULL,NULL,NULL
"Garrett Jones",2012,GU,NULL,NULL,6,1,0,2,2,7,3,1,4,250,14,NULL,1B,0,LFRF,0,NULL,NULL,NULL,NULL
"George Kottaras",2012,GU,NULL,NULL,8,1,0,1,8,5,2,0,3,240,12,NULL,C,3,NULL,NULL,NULL,NULL,NULL,NULL
"Geovany Soto",2012,GU,NULL,NULL,5,3,1,2,4,6,2,0,2,50,10,NULL,C,4,NULL,NULL,NULL,NULL,NULL,NULL
"Gerald Laird",2012,GU,NULL,NULL,8,1,2,2,3,10,2,0,0,100,9,NULL,C,2,NULL,NULL,NULL,NULL,NULL,NULL
"Gerardo Parra",2012,GU,NULL,NULL,8,1,3,1,3,6,3,1,1,290,19,NULL,CF,2,NULL,NULL,NULL,NULL,NULL,NULL
"Gordon Beckham",2012,GU,NULL,NULL,5,1,0,2,4,8,3,0,2,110,15,NULL,2B,3,NULL,NULL,NULL,NULL,NULL,NULL
"Greg Colbrunn",2001,BS,19,ARI,9,0,1,2,6,7,2,0,2,270,10,R,1B,0,NULL,NULL,NULL,NULL,NULL,NULL
"Greg Dobbs",2012,GU,NULL,NULL,6,0,1,2,2,12,2,0,1,100,11,NULL,1B,0,LFRF,1,3B,0,NULL,NULL
"Gregor Blanco",2012,GU,NULL,NULL,8,2,2,2,3,6,1,2,0,250,21,NULL,CF,2,NULL,NULL,NULL,NULL,NULL,NULL
"Hanley Ramirez",2012,GU,NULL,NULL,7,3,0,2,3,4,3,1,3,340,21,NULL,SS,2,3B,2,NULL,NULL,NULL,NULL
"Harold Baines",2000,BS,127,CLE,9,0,2,2,4,8,1,0,3,340,10,L,DH,0,NULL,NULL,NULL,NULL,NULL,NULL
"Hector Sanchez",2012,GU,NULL,NULL,5,2,0,1,0,13,3,0,1,30,10,NULL,C,4,NULL,NULL,NULL,NULL,NULL,NULL
"Henry Blanco",2000,BS,146,COL,7,0,0,5,6,5,1,1,2,190,15,R,C,8,NULL,NULL,NULL,NULL,NULL,NULL
"Henry Blanco",2012,GU,NULL,NULL,5,6,0,0,4,6,2,0,2,70,8,NULL,C,10,NULL,NULL,NULL,NULL,NULL,NULL
"Homer Bush",2000,BS,449,TOR,8,1,4,0,0,8,2,1,1,290,20,R,2B,2,NULL,NULL,NULL,NULL,NULL,NULL
"Howie Kendrick",2012,GU,NULL,NULL,7,1,3,1,1,8,4,1,0,120,15,NULL,2B,1,NULL,NULL,NULL,NULL,NULL,NULL
"Hunter Pence",2012,GU,NULL,NULL,7,4,0,2,4,4,2,1,3,270,16,NULL,LFRF,1,NULL,NULL,NULL,NULL,NULL,NULL
"Ian Desmond",2012,GU,NULL,NULL,8,1,1,2,2,7,3,0,3,350,20,NULL,SS,3,NULL,NULL,NULL,NULL,NULL,NULL
"Ian Kinsler",2012,GU,NULL,NULL,7,1,1,2,3,4,4,1,3,310,20,NULL,2B,1,NULL,NULL,NULL,NULL,NULL,NULL
"Ian Stewart",2012,GU,NULL,NULL,5,3,0,0,9,2,3,1,2,130,14,NULL,3B,2,NULL,NULL,NULL,NULL,NULL,NULL
"Ichiro Suzuki",2012,GU,NULL,NULL,7,0,2,0,2,9,3,2,1,260,20,NULL,CF,2,NULL,NULL,NULL,NULL,NULL,NULL
"Ike Davis",2012,GU,NULL,NULL,6,4,0,1,6,1,3,0,5,240,14,NULL,1B,0,NULL,NULL,NULL,NULL,NULL,NULL
"J. T. Snow",2000,BS,386,SFN,8,1,0,2,7,6,1,0,3,260,10,L,1B,0,NULL,NULL,NULL,NULL,NULL,NULL
"Jack Hannahan",2012,GU,NULL,NULL,6,1,1,2,4,9,3,0,0,50,13,NULL,3B,1,NULL,NULL,NULL,NULL,NULL,NULL
"Jacoby Ellsbury",2012,GU,NULL,NULL,6,0,2,2,3,9,3,0,0,30,21,NULL,CF,2,LFRF,1,NULL,NULL,NULL,NULL
"James Loney",2012,GU,NULL,NULL,6,0,2,4,3,8,3,0,0,20,14,NULL,1B,0,NULL,NULL,NULL,NULL,NULL,NULL
"Jamey Carroll",2012,GU,NULL,NULL,8,1,3,0,4,9,3,0,0,180,15,NULL,2B,2,SS,5,3B,2,NULL,NULL
"Jarrod Dyson",2012,GU,NULL,NULL,7,1,2,0,3,7,2,3,0,210,21,NULL,CF,2,LFRF,1,NULL,NULL,NULL,NULL
"Jarrod Saltalamacchia",2012,GU,NULL,NULL,5,3,0,0,3,6,2,0,6,130,12,NULL,C,3,NULL,NULL,NULL,NULL,NULL,NULL
"Jason Bay",2012,GU,NULL,NULL,5,1,0,1,10,4,0,0,4,50,12,NULL,LFRF,0,NULL,NULL,NULL,NULL,NULL,NULL
"Jason Castro",2012,GU,NULL,NULL,8,0,2,2,5,6,3,1,1,230,14,NULL,C,3,NULL,NULL,NULL,NULL,NULL,NULL
"Jason Heyward",2012,GU,NULL,NULL,8,4,0,1,4,3,3,1,3,380,19,NULL,LFRF,2,NULL,NULL,NULL,NULL,NULL,NULL
"Jason Kendall",2000,BS,348,PIT,10,0,3,1,6,5,2,0,1,460,20,R,C,9,NULL,NULL,NULL,NULL,NULL,NULL
"Jason Kipnis",2012,GU,NULL,NULL,8,2,2,1,3,5,2,1,2,310,20,NULL,2B,4,NULL,NULL,NULL,NULL,NULL,NULL
"Jason Kubel",2012,GU,NULL,NULL,7,4,0,0,3,5,3,1,4,280,13,NULL,LFRF,0,NULL,NULL,NULL,NULL,NULL,NULL
"Jason Varitek",2001,BS,77,BOS,8,2,2,1,6,5,3,0,1,150,10,S,C,3,NULL,NULL,NULL,NULL,NULL,NULL
"Jay Bell",2000,BS,16,ARI,9,2,1,2,5,4,2,1,3,410,15,R,2B,2,NULL,NULL,NULL,NULL,NULL,NULL
"Jay Buhner",2000,BS,388,SEA,9,4,0,0,11,2,1,0,2,260,10,R,LFRF,0,NULL,NULL,NULL,NULL,NULL,NULL
"Jay Buhner",2001,BS,387,SEA,8,3,0,0,8,3,1,0,5,310,10,R,LFRF,1,NULL,NULL,NULL,NULL,NULL,NULL
"Jayson Werth",2012,GU,NULL,NULL,9,1,0,1,9,4,3,1,0,240,19,NULL,CF,1,NULL,NULL,NULL,NULL,NULL,NULL
"JD Martinez",2012,GU,NULL,NULL,6,3,0,1,5,6,2,1,2,80,14,NULL,LFRF,1,NULL,NULL,NULL,NULL,NULL,NULL
"Jean Segura",2012,GU,NULL,NULL,7,1,4,1,2,6,2,3,0,210,20,NULL,SS,1,NULL,NULL,NULL,NULL,NULL,NULL
"Jed Lowrie",2012,GU,NULL,NULL,7,1,0,1,5,7,3,0,3,250,15,NULL,SS,4,NULL,NULL,NULL,NULL,NULL,NULL
"Jeff Bagwell",2000,BS,187,HOU,10,1,0,2,9,3,1,0,3,570,20,R,1B,0,NULL,NULL,NULL,NULL,NULL,NULL
"Jeff Barry",2000,BS,144,COL,7,0,0,3,6,4,5,0,2,190,10,S,CF,0,LFRF,1,NULL,NULL,NULL,NULL
"Jeff Blauser",2000,BS,82,CHN,8,3,1,1,7,4,0,1,3,320,15,R,2B,2,SS,2,3B,1,NULL,NULL
"Jeff Conine",2001,BS,50,BAL,8,0,2,3,3,8,2,0,2,220,15,R,3B,2,LFRF,1,NULL,NULL,NULL,NULL
"Jeff Francouer",2012,GU,NULL,NULL,5,2,1,2,3,7,3,1,1,40,13,NULL,LFRF,2,NULL,NULL,NULL,NULL,NULL,NULL
"Jeff Kent",2000,BS,379,SFN,8,1,0,2,5,4,4,0,3,340,15,R,2B,3,NULL,NULL,NULL,NULL,NULL,NULL
"Jeff Keppinger",2012,GU,NULL,NULL,9,0,2,1,7,8,1,0,1,290,15,NULL,3B,3,1B,0,2B,3,NULL,NULL
"Jeff Mathis",2012,GU,NULL,NULL,5,1,1,3,4,8,2,0,1,50,15,NULL,C,8,NULL,NULL,NULL,NULL,NULL,NULL
"Jemile Weeks",2012,GU,NULL,NULL,6,1,3,1,3,6,2,3,0,80,18,NULL,2B,2,NULL,NULL,NULL,NULL,NULL,NULL
"Jeromy Burnitz",2001,BS,233,MIL,8,2,1,1,8,3,2,0,3,240,15,L,LFRF,1,NULL,NULL,NULL,NULL,NULL,NULL
"Jesus Flores",2012,GU,NULL,NULL,5,1,2,3,2,8,3,0,1,30,11,NULL,C,3,NULL,NULL,NULL,NULL,NULL,NULL
"Jesus Guzman",2012,GU,NULL,NULL,6,2,0,0,6,7,3,1,1,60,15,NULL,LFRF,1,NULL,NULL,NULL,NULL,NULL,NULL
"Jesus Montero",2012,GU,NULL,NULL,5,1,1,1,3,10,2,0,2,50,12,NULL,C,3,NULL,NULL,NULL,NULL,NULL,NULL
"Jhonny Peralta",2012,GU,NULL,NULL,6,2,1,2,4,7,2,1,1,120,13,NULL,SS,5,NULL,NULL,NULL,NULL,NULL,NULL
"Jim Edmonds",2001,BS,404,SLN,10,3,0,1,7,4,1,0,4,560,15,L,CF,2,LFRF,1,NULL,NULL,NULL,NULL
"Jimmy Rollins",2012,GU,NULL,NULL,6,0,0,3,2,5,3,1,4,250,21,NULL,SS,3,NULL,NULL,NULL,NULL,NULL,NULL
"JJ Hardy",2012,GU,NULL,NULL,5,1,1,3,2,5,3,0,5,180,14,NULL,SS,5,NULL,NULL,NULL,NULL,NULL,NULL
"Joaquin Arias",2012,GU,NULL,NULL,6,0,3,3,1,8,2,2,1,140,17,NULL,3B,2,SS,2,NULL,NULL,NULL,NULL
"Joe Mather",2012,GU,NULL,NULL,5,1,2,3,3,6,4,0,1,40,15,NULL,OF,1,3B,1,NULL,NULL,NULL,NULL
"Joe Mauer",2012,GU,NULL,NULL,11,3,0,1,5,7,3,1,0,420,14,NULL,C,2,1B,0,NULL,NULL,NULL,NULL
"Joe McEwing",2000,BS,410,SLN,7,1,3,0,2,9,2,1,1,190,15,R,2B,3,OF,1,NULL,NULL,NULL,NULL
"Joey Votto",2012,GU,NULL,NULL,11,1,0,1,10,3,4,0,1,550,15,NULL,1B,1,NULL,NULL,NULL,NULL,NULL,NULL
"John Baker",2012,GU,NULL,NULL,6,1,3,1,6,6,3,0,0,30,12,NULL,C,3,NULL,NULL,NULL,NULL,NULL,NULL
"John Buck",2012,GU,NULL,NULL,5,2,0,1,7,5,3,0,2,70,13,NULL,C,5,NULL,NULL,NULL,NULL,NULL,NULL
"John Jaha",2000,BS,320,OAK,10,2,1,1,9,3,1,0,3,400,10,R,DH,0,NULL,NULL,NULL,NULL,NULL,NULL
"John Jaso",2012,GU,NULL,NULL,9,1,1,1,7,6,3,0,1,320,18,NULL,C,4,NULL,NULL,NULL,NULL,NULL,NULL
"John Mayberry jr",2012,GU,NULL,NULL,6,1,3,2,3,6,3,0,2,70,16,NULL,1B,0,LFRF,1,NULL,NULL,NULL,NULL
"John McDonald",2012,GU,NULL,NULL,5,0,1,2,5,7,3,0,2,40,12,NULL,SS,5,NULL,NULL,NULL,NULL,NULL,NULL
"John Vander Wall",2000,BS,368,SDN,9,3,2,0,6,5,3,0,1,280,15,L,LFRF,1,1B,0,NULL,NULL,NULL,NULL
"Johnny Damon",2001,BS,202,KCA,9,0,2,2,3,7,2,1,1,350,20,L,CF,2,LFRF,1,NULL,NULL,NULL,NULL
"Johnny Damon",2012,GU,NULL,NULL,5,1,2,2,3,6,2,2,1,100,18,NULL,LFRF,0,NULL,NULL,NULL,NULL,NULL,NULL
"Jon Jay",2012,GU,NULL,NULL,10,0,5,1,3,8,2,1,0,370,19,NULL,CF,2,LFRF,1,NULL,NULL,NULL,NULL
"Jonathan Lucroy",2012,GU,NULL,NULL,9,0,2,1,4,8,2,1,2,380,14,NULL,C,4,NULL,NULL,NULL,NULL,NULL,NULL
"Jordan Pacheco",2012,GU,NULL,NULL,8,0,1,3,3,9,3,1,0,160,17,NULL,3B,2,1B,0,NULL,NULL,NULL,NULL
"Jordan Schafer",2012,GU,NULL,NULL,5,3,0,0,4,7,2,1,0,30,20,NULL,CF,2,LFRF,1,NULL,NULL,NULL,NULL
"Jordan Valdespin",2012,GU,NULL,NULL,5,2,2,0,3,7,3,0,3,140,20,NULL,2B,4,OF,1,NULL,NULL,NULL,NULL
"Jose Altuve",2012,GU,NULL,NULL,8,0,3,1,2,7,4,1,0,220,21,NULL,2B,2,NULL,NULL,NULL,NULL,NULL,NULL
"Jose Bautista",2012,GU,NULL,NULL,9,1,0,4,6,4,1,0,4,440,14,NULL,LFRF,2,NULL,NULL,NULL,NULL,NULL,NULL
"Jose Lobaton",2012,GU,NULL,NULL,7,3,1,1,5,6,4,0,0,40,11,NULL,C,3,NULL,NULL,NULL,NULL,NULL,NULL
"Jose Molina",2012,GU,NULL,NULL,5,2,2,1,4,7,2,0,2,50,8,NULL,C,7,NULL,NULL,NULL,NULL,NULL,NULL
"Jose Reyes",2012,GU,NULL,NULL,8,0,2,1,2,5,3,3,1,330,23,NULL,SS,2,NULL,NULL,NULL,NULL,NULL,NULL
"Jose Tabata",2012,GU,NULL,NULL,6,0,3,1,4,7,3,2,0,30,14,NULL,LFRF,1,NULL,NULL,NULL,NULL,NULL,NULL
"Josh Donaldson",2012,GU,NULL,NULL,5,1,1,3,2,7,4,0,2,130,15,NULL,3B,1,NULL,NULL,NULL,NULL,NULL,NULL
"Josh Hamilton",2012,GU,NULL,NULL,9,5,0,1,3,4,2,0,5,550,15,NULL,CF,1,NULL,NULL,NULL,NULL,NULL,NULL
"Josh Harrison",2012,GU,NULL,NULL,5,0,2,4,3,7,1,2,0,70,21,NULL,2B,2,3B,2,C,9,NULL,NULL
"Josh Reddick",2012,GU,NULL,NULL,6,3,0,2,2,4,3,1,5,280,17,NULL,LFRF,2,NULL,NULL,NULL,NULL,NULL,NULL
"Josh Rutledge",2012,GU,NULL,NULL,6,1,2,2,0,7,3,2,2,180,20,NULL,SS,1,NULL,NULL,NULL,NULL,NULL,NULL
"Josh Thole",2012,GU,NULL,NULL,5,0,3,1,4,9,3,0,0,10,10,NULL,C,4,NULL,NULL,NULL,NULL,NULL,NULL
"Josh Willingham",2012,GU,NULL,NULL,9,2,0,1,6,6,2,0,3,390,13,NULL,LFRF,0,NULL,NULL,NULL,NULL,NULL,NULL
"JP Arenciba",2012,GU,NULL,NULL,5,4,0,2,2,4,3,0,5,100,13,NULL,C,5,NULL,NULL,NULL,NULL,NULL,NULL
"Jsy Bruce",2012,GU,NULL,NULL,7,3,0,0,3,5,3,1,5,330,15,NULL,LFRF,1,NULL,NULL,NULL,NULL,NULL,NULL
"Juan Encarnacion",2001,BS,161,DET,7,1,2,0,1,10,2,1,2,180,20,R,OF,1,NULL,NULL,NULL,NULL,NULL,NULL
"Juan Francisco",2012,GU,NULL,NULL,5,4,1,1,3,5,3,0,3,150,14,NULL,3B,2,NULL,NULL,NULL,NULL,NULL,NULL
"Juan Pierre",2012,GU,NULL,NULL,8,0,2,0,4,8,1,1,0,100,22,NULL,LFRF,0,NULL,NULL,NULL,NULL,NULL,NULL
"Juan Rivera",2012,GU,NULL,NULL,5,1,1,1,2,10,3,0,2,20,11,NULL,LFRF,0,NULL,NULL,NULL,NULL,NULL,NULL
"Julio Lugo",2001,BS,196,HOU,8,2,1,1,4,6,2,1,1,240,20,R,2B,2,SS,2,NULL,NULL,NULL,NULL
"Justin Maxwell",2012,GU,NULL,NULL,6,4,0,2,3,2,2,2,4,260,20,NULL,CF,1,NULL,NULL,NULL,NULL,NULL,NULL
"Justin Morneau",2012,GU,NULL,NULL,8,2,1,3,3,6,3,0,2,250,12,NULL,1B,0,NULL,NULL,NULL,NULL,NULL,NULL
"Justin Ruggiao",2012,GU,NULL,NULL,9,2,0,0,6,6,3,0,2,410,17,NULL,CF,1,NULL,NULL,NULL,NULL,NULL,NULL
"Justin Smoak",2012,GU,NULL,NULL,5,2,1,1,5,8,2,0,1,30,12,NULL,1B,0,NULL,NULL,NULL,NULL,NULL,NULL
"Justin Upton",2012,GU,NULL,NULL,9,2,1,3,6,3,2,1,1,320,20,NULL,LFRF,1,NULL,NULL,NULL,NULL,NULL,NULL
"Kelly Johnson",2012,GU,NULL,NULL,6,3,0,1,4,7,3,0,2,110,17,NULL,2B,2,NULL,NULL,NULL,NULL,NULL,NULL
"Kelly Shoppach",2012,GU,NULL,NULL,6,5,0,0,3,5,3,1,3,180,9,NULL,C,6,NULL,NULL,NULL,NULL,NULL,NULL
"Ken Caminiti",2000,BS,191,HOU,9,1,2,2,6,5,1,0,2,330,15,S,3B,1,NULL,NULL,NULL,NULL,NULL,NULL
"Kenny Lofton",2000,BS,134,CLE,10,2,2,1,6,5,2,0,1,440,20,L,CF,2,LFRF,1,NULL,NULL,NULL,NULL
"Kevin Frandsen",2012,GU,NULL,NULL,8,0,2,0,4,10,2,2,0,150,16,NULL,3B,1,NULL,NULL,NULL,NULL,NULL,NULL
"Kevin Jordan",2000,BS,335,PHN,7,0,2,1,3,11,1,1,1,150,10,R,2B,1,3B,2,NULL,NULL,NULL,NULL
"Kevin Sefcik",2000,BS,341,PHN,9,0,4,1,5,5,3,1,0,310,20,R,OF,1,NULL,NULL,NULL,NULL,NULL,NULL
"Kevin Stocker",2000,BS,427,TBA,9,1,2,2,4,9,1,0,0,300,20,S,SS,4,NULL,NULL,NULL,NULL,NULL,NULL
"Kevin Youkilis",2012,GU,NULL,NULL,8,2,0,2,5,7,2,0,2,270,12,NULL,3B,3,1B,1,NULL,NULL,NULL,NULL
"Kevin Young",2000,BS,356,PIT,9,2,0,2,5,4,3,1,2,440,20,R,1B,1,NULL,NULL,NULL,NULL,NULL,NULL
"Kirk Nieuwenhaus",2012,GU,NULL,NULL,6,3,0,0,5,7,3,0,2,100,16,NULL,CF,1,NULL,NULL,NULL,NULL,NULL,NULL
"Kurt Abbott",2000,BS,142,COL,7,3,1,1,0,9,3,1,2,220,15,R,2B,4,NULL,NULL,NULL,NULL,NULL,NULL
"Kurt Suzuki",2012,GU,NULL,NULL,7,1,2,3,2,8,3,0,1,160,14,NULL,C,6,NULL,NULL,NULL,NULL,NULL,NULL
"Kyle Seager",2012,GU,NULL,NULL,6,1,0,2,3,7,4,0,3,150,15,NULL,2B,4,3B,1,NULL,NULL,NULL,NULL
"Lance Berkman",2001,BS,187,HOU,9,2,1,0,7,4,2,0,3,400,15,S,LFRF,1,NULL,NULL,NULL,NULL,NULL,NULL
"Lance Berkman",2012,GU,NULL,NULL,7,2,0,0,9,2,5,0,2,180,8,NULL,1B,0,NULL,NULL,NULL,NULL,NULL,NULL
"Lee Stevens",2000,BS,443,TEX,7,2,1,0,3,7,3,0,4,270,15,L,1B,1,NULL,NULL,NULL,NULL,NULL,NULL
"Logan Forsythe",2012,GU,NULL,NULL,8,1,1,2,5,7,1,1,1,200,17,NULL,2B,2,NULL,NULL,NULL,NULL,NULL,NULL
"Logan Morrison",2012,GU,NULL,NULL,6,2,1,2,4,6,3,0,2,70,14,NULL,1B,0,LFRF,0,NULL,NULL,NULL,NULL
"Lorenzo Cain",2012,GU,NULL,NULL,6,1,1,1,3,8,2,1,2,120,20,NULL,CF,1,NULL,NULL,NULL,NULL,NULL,NULL
"Lou Marson",2012,GU,NULL,NULL,8,1,2,0,7,7,2,1,0,160,16,NULL,C,2,NULL,NULL,NULL,NULL,NULL,NULL
"Lucas Duda",2012,GU,NULL,NULL,7,2,0,0,6,9,1,0,2,60,13,NULL,LFRF,0,NULL,NULL,NULL,NULL,NULL,NULL
"Luis Matos",2001,BS,54,BAL,6,0,4,1,4,6,0,2,0,60,20,R,CF,3,LFRF,2,NULL,NULL,NULL,NULL
"Luis Valbuena",2012,GU,NULL,NULL,6,1,1,3,5,7,3,0,0,50,12,NULL,3B,2,NULL,NULL,NULL,NULL,NULL,NULL
"Macier Izturis",2012,GU,NULL,NULL,7,0,4,2,3,6,3,0,0,130,19,NULL,2B,5,3B,1,SS,1,NULL,NULL
"Manny Machado",2012,GU,NULL,NULL,5,1,1,2,2,6,3,2,3,200,18,NULL,3B,2,NULL,NULL,NULL,NULL,NULL,NULL
"Marco Scutaro",2012,GU,NULL,NULL,9,0,2,4,3,7,3,1,0,250,14,NULL,SS,3,NULL,NULL,NULL,NULL,NULL,NULL
"Mark Ellis",2012,GU,NULL,NULL,8,0,2,4,4,7,2,0,1,200,15,NULL,2B,5,NULL,NULL,NULL,NULL,NULL,NULL
"Mark L. Johnson",2001,BS,98,CHA,7,1,1,2,7,6,1,0,1,100,15,L,C,8,NULL,NULL,NULL,NULL,NULL,NULL
"Mark Kotsay",2000,BS,179,MIA,6,0,1,2,0,10,2,2,2,150,15,L,LFRF,1,NULL,NULL,NULL,NULL,NULL,NULL
"Mark Kotsay",2001,BS,175,FLO,8,0,3,1,2,9,2,1,1,230,20,L,LFRF,2,NULL,NULL,NULL,NULL,NULL,NULL
"Mark McGwire",2000,BS,412,SLN,10,2,0,3,8,1,1,0,5,570,10,R,1B,0,NULL,NULL,NULL,NULL,NULL,NULL
"Mark McLemore",2000,BS,438,TEX,8,0,2,1,6,8,0,1,1,240,15,S,2B,3,NULL,NULL,NULL,NULL,NULL,NULL
"Mark McLemore",2001,BS,393,SEA,8,0,2,2,8,5,1,0,0,170,20,S,2B,3,NULL,NULL,NULL,NULL,NULL,NULL
"Mark Quinn",2001,BS,206,KCA,8,2,2,1,2,7,3,0,3,260,15,R,LFRF,1,NULL,NULL,NULL,NULL,NULL,NULL
"Mark Reynolds",2012,GU,NULL,NULL,8,5,0,0,6,3,3,0,3,310,12,NULL,1B,0,3B,0,NULL,NULL,NULL,NULL
"Mark Teixeira",2012,GU,NULL,NULL,8,1,2,3,4,4,3,0,3,320,13,NULL,1B,1,NULL,NULL,NULL,NULL,NULL,NULL
"Mark Trumbo",2012,GU,NULL,NULL,6,4,0,2,1,5,1,1,6,270,14,NULL,1B,0,LFRF,0,NULL,NULL,NULL,NULL
"Marlon Anderson",2000,BS,328,PHN,6,0,3,1,0,8,4,1,1,150,20,L,2B,3,NULL,NULL,NULL,NULL,NULL,NULL
"Martin Maldonado",2012,GU,NULL,NULL,7,2,2,2,2,8,2,0,2,170,12,NULL,C,6,NULL,NULL,NULL,NULL,NULL,NULL
"Martin Prado",2012,GU,NULL,NULL,9,1,3,1,2,6,4,1,1,380,18,NULL,OF,1,3B,0,2B,1,SS,0
"Marvin Benard",2000,BS,373,SFN,8,1,2,1,4,5,2,1,2,340,20,L,CF,1,LFRF,0,NULL,NULL,NULL,NULL
"Marwin Gonzalez",2012,GU,NULL,NULL,5,1,3,1,3,9,3,0,0,30,15,NULL,3B,2,SS,2,NULL,NULL,NULL,NULL
"Matt Carpenter",2012,GU,NULL,NULL,9,1,0,3,5,5,3,2,1,340,14,NULL,1B,0,LFRF,1,3B,0,NULL,NULL
"Matt Holliday",2012,GU,NULL,NULL,10,3,0,1,5,6,3,0,2,430,15,NULL,LFRF,1,NULL,NULL,NULL,NULL,NULL,NULL
"Matt Joyce",2012,GU,NULL,NULL,8,1,0,3,6,5,2,1,2,280,14,NULL,LFRF,1,NULL,NULL,NULL,NULL,NULL,NULL
"Matt Kemp",2012,GU,NULL,NULL,9,2,0,1,4,8,2,0,3,500,20,NULL,CF,2,LFRF,1,NULL,NULL,NULL,NULL
"Matt Lawton",2001,BS,253,MIN,9,0,3,0,6,6,3,0,1,300,20,L,LFRF,0,NULL,NULL,NULL,NULL,NULL,NULL
"Matt Stairs",2000,BS,324,OAK,8,1,1,2,7,3,1,0,5,360,15,L,LFRF,0,NULL,NULL,NULL,NULL,NULL,NULL
"Matt Wieters",2012,GU,NULL,NULL,8,2,0,1,5,6,3,0,3,240,14,NULL,C,7,NULL,NULL,NULL,NULL,NULL,NULL
"Melky Cabrera",2012,GU,NULL,NULL,10,1,2,1,2,8,2,2,1,400,16,NULL,LFRF,2,NULL,NULL,NULL,NULL,NULL,NULL
"Michael Barrett",2000,BS,264,MON,7,0,2,1,2,9,4,1,1,170,10,R,C,4,3B,0,NULL,NULL,NULL,NULL
"Michael Bourn",2012,GU,NULL,NULL,8,2,1,0,3,6,2,3,1,290,22,NULL,CF,3,LFRF,2,NULL,NULL,NULL,NULL
"Michael Brantley",2012,GU,NULL,NULL,8,0,1,2,3,8,4,1,0,220,16,NULL,CF,1,LFRF,0,NULL,NULL,NULL,NULL
"Michael Cuddyer",2012,GU,NULL,NULL,6,1,1,1,7,3,4,0,3,200,16,NULL,1B,0,LFRF,1,NULL,NULL,NULL,NULL
"Michael McKenry",2012,GU,NULL,NULL,7,5,0,1,6,2,3,0,3,200,9,NULL,C,3,NULL,NULL,NULL,NULL,NULL,NULL
"Michael Morse",2012,GU,NULL,NULL,7,2,2,2,0,8,3,0,3,220,9,NULL,LFRF,0,NULL,NULL,NULL,NULL,NULL,NULL
"Michael Saunders",2012,GU,NULL,NULL,6,3,1,1,2,5,3,1,3,200,18,NULL,CF,2,NULL,NULL,NULL,NULL,NULL,NULL
"Michael Young",2012,GU,NULL,NULL,6,1,3,0,2,9,4,1,0,60,16,NULL,2B,2,1B,0,3B,2,NULL,NULL
"Miguel Cabrera",2012,GU,NULL,NULL,10,1,1,2,3,6,3,0,4,620,11,NULL,3B,1,NULL,NULL,NULL,NULL,NULL,NULL
"Miguel Cairo",2000,BS,420,TBA,8,0,3,2,1,10,1,1,0,240,20,R,2B,4,NULL,NULL,NULL,NULL,NULL,NULL
"Miguel Montero",2012,GU,NULL,NULL,10,3,0,1,8,5,2,0,1,340,12,NULL,C,8,NULL,NULL,NULL,NULL,NULL,NULL
"Miguel Olivo",2012,GU,NULL,NULL,5,3,0,2,2,7,2,0,4,100,9,NULL,C,6,NULL,NULL,NULL,NULL,NULL,NULL
"Miguel Tejada",2000,BS,325,OAK,7,0,3,2,5,3,2,1,3,220,15,R,SS,2,NULL,NULL,NULL,NULL,NULL,NULL
"Mike Aviles",2012,GU,NULL,NULL,5,0,1,3,2,9,3,0,1,70,15,NULL,SS,3,NULL,NULL,NULL,NULL,NULL,NULL
"Mike Benjamin",2000,BS,342,PIT,5,1,0,1,0,6,6,3,0,110,20,R,SS,5,NULL,NULL,NULL,NULL,NULL,NULL
"Mike Benjamin",2001,BS,339,PIT,6,1,1,1,1,9,5,1,0,110,20,R,2B,3,SS,3,3B,2,NULL,NULL
"Mike Bordick",2000,BS,52,BAL,7,0,1,2,4,8,2,1,1,190,15,R,SS,5,NULL,NULL,NULL,NULL,NULL,NULL
"Mike Cameron",2000,BS,112,CIN,8,3,0,1,7,1,3,1,2,340,20,R,OF,2,NULL,NULL,NULL,NULL,NULL,NULL
"Mike Carp",2012,GU,NULL,NULL,6,2,1,1,6,6,2,0,2,60,12,NULL,1B,0,LFRF,0,NULL,NULL,NULL,NULL
"Mike Lieberthal",2000,BS,336,PHN,8,1,1,2,3,6,3,0,4,340,10,R,C,6,NULL,NULL,NULL,NULL,NULL,NULL
"Mike Lowell",2000,BS,182,MIA,7,2,0,2,4,7,2,0,3,200,10,R,3B,2,NULL,NULL,NULL,NULL,NULL,NULL
"Mike Moustakas",2012,GU,NULL,NULL,5,1,0,2,3,6,4,0,4,190,15,NULL,3B,1,NULL,NULL,NULL,NULL,NULL,NULL
"Mike Napoli",2012,GU,NULL,NULL,8,4,0,2,5,4,0,0,5,400,12,NULL,C,4,1B,0,NULL,NULL,NULL,NULL
"Mike Redmond",2000,BS,184,MIA,9,1,2,1,4,11,1,0,0,200,10,R,C,7,NULL,NULL,NULL,NULL,NULL,NULL
"Mike Sweeney",2001,BS,213,KCA,10,0,2,2,5,8,1,0,2,380,15,R,1B,0,NULL,NULL,NULL,NULL,NULL,NULL
"Mike Trout",2012,GU,NULL,NULL,10,1,0,1,6,3,2,2,2,600,23,NULL,CF,3,LFRF,2,NULL,NULL,NULL,NULL
"Mitch Meluskey",2001,BS,197,HOU,9,3,0,1,6,7,1,0,2,290,10,S,C,3,NULL,NULL,NULL,NULL,NULL,NULL
"Mitch Moreland",2012,GU,NULL,NULL,7,3,2,1,2,6,3,0,3,190,10,NULL,1B,0,NULL,NULL,NULL,NULL,NULL,NULL
"Mo Vaughn",2001,BS,14,ANA,8,3,0,0,6,6,1,0,4,260,10,L,1B,0,NULL,NULL,NULL,NULL,NULL,NULL
"Moises Alou",2001,BS,185,HOU,10,0,1,3,3,8,2,0,3,510,15,R,LFRF,1,NULL,NULL,NULL,NULL,NULL,NULL
"Nate McClouth",2012,GU,NULL,NULL,8,1,1,1,5,8,2,0,1,210,18,NULL,LFRF,1,NULL,NULL,NULL,NULL,NULL,NULL
"Neifi Perez",2000,BS,153,COL,6,0,1,1,0,12,1,2,2,180,15,S,SS,5,NULL,NULL,NULL,NULL,NULL,NULL
"Neil Walker",2012,GU,NULL,NULL,8,2,1,1,3,9,2,0,2,230,16,NULL,2B,3,NULL,NULL,NULL,NULL,NULL,NULL
"Nelson Cruz",2012,GU,NULL,NULL,6,3,0,0,3,5,5,0,4,260,17,NULL,LFRF,1,NULL,NULL,NULL,NULL,NULL,NULL
"Nick Hundley",2012,GU,NULL,NULL,5,2,4,1,5,5,2,0,1,30,11,NULL,C,6,NULL,NULL,NULL,NULL,NULL,NULL
"Nick Markakis",2012,GU,NULL,NULL,9,0,2,2,4,8,2,1,1,250,15,NULL,LFRF,1,NULL,NULL,NULL,NULL,NULL,NULL
"Nick Punto",2012,GU,NULL,NULL,6,4,2,0,6,5,2,0,0,50,17,NULL,2B,3,3B,3,NULL,NULL,NULL,NULL
"Nick Swisher",2012,GU,NULL,NULL,9,3,0,1,5,6,3,0,2,380,14,NULL,LFRF,1,1B,0,NULL,NULL,NULL,NULL
"Norichika Aoki",2012,GU,NULL,NULL,9,0,5,1,3,4,3,1,1,330,22,NULL,CF,1,NULL,NULL,NULL,NULL,NULL,NULL
"Nyjer Morgan",2012,GU,NULL,NULL,6,1,4,1,4,7,1,1,0,60,21,NULL,CF,0,NULL,NULL,NULL,NULL,NULL,NULL
"Omar Infante",2012,GU,NULL,NULL,6,1,2,3,1,6,3,2,1,110,18,NULL,2B,0,NULL,NULL,NULL,NULL,NULL,NULL
"Omar Vizquel",2000,BS,140,CLE,10,0,2,3,4,7,2,0,0,410,20,S,SS,5,NULL,NULL,NULL,NULL,NULL,NULL
"Omar Vizquel",2001,BS,138,CLE,9,0,2,2,6,8,1,0,0,250,20,S,SS,2,NULL,NULL,NULL,NULL,NULL,NULL
"Omar Vizquel",2012,GU,NULL,NULL,5,1,1,4,3,7,2,1,0,30,13,NULL,2B,5,3B,3,SS,5,NULL,NULL
"Orlando Cabrera",2000,BS,265,MON,6,0,3,2,0,8,4,1,2,150,15,R,SS,5,NULL,NULL,NULL,NULL,NULL,NULL
"Orlando Hudson",2012,GU,NULL,NULL,5,2,3,1,2,6,0,6,0,40,20,NULL,2B,4,3B,1,NULL,NULL,NULL,NULL
"Pablo Sanodval",2012,GU,NULL,NULL,8,0,1,3,4,8,2,1,1,150,12,NULL,3B,1,NULL,NULL,NULL,NULL,NULL,NULL
"Pat Burrell",2001,BS,325,PHI,8,3,0,0,7,4,3,0,3,240,10,R,LFRF,1,1B,0,NULL,NULL,NULL,NULL
"Paul Goldschmidt",2012,GU,NULL,NULL,9,3,0,2,6,4,4,0,1,340,20,NULL,1B,0,NULL,NULL,NULL,NULL,NULL,NULL
"Paul Janish",2012,GU,NULL,NULL,5,2,1,3,5,6,2,1,0,30,14,NULL,SS,5,NULL,NULL,NULL,NULL,NULL,NULL
"Paul Konerko",2012,GU,NULL,NULL,9,1,0,1,5,10,1,0,2,250,12,NULL,1B,0,NULL,NULL,NULL,NULL,NULL,NULL
"Paul O'Neill",2001,BS,301,NYA,8,0,4,1,3,8,1,0,2,200,15,L,LFRF,2,NULL,NULL,NULL,NULL,NULL,NULL
"Paul Sorrento",2000,BS,426,TBA,8,4,0,0,9,4,1,0,2,190,10,L,LFRF,0,NULL,NULL,NULL,NULL,NULL,NULL
"Pedro Alvarez",2012,GU,NULL,NULL,6,3,0,0,4,5,3,0,5,220,13,NULL,3B,0,NULL,NULL,NULL,NULL,NULL,NULL
"Pedro Ciriaco",2012,GU,NULL,NULL,6,1,2,1,0,9,3,2,0,110,21,NULL,2B,3,3B,0,SS,3,NULL,NULL
"Phil Nevin",2000,BS,364,SDN,8,1,1,2,6,3,3,0,4,350,10,R,C,5,3B,3,NULL,NULL,NULL,NULL
"Placido Polanco",2012,GU,NULL,NULL,6,0,4,2,4,7,3,0,0,50,13,NULL,3B,2,NULL,NULL,NULL,NULL,NULL,NULL
"Preston Wilson",2000,BS,186,MIA,8,4,0,1,4,5,1,0,4,350,15,R,OF,0,NULL,NULL,NULL,NULL,NULL,NULL
"Prince Fielder",2012,GU,NULL,NULL,10,1,0,1,5,8,3,0,2,380,10,NULL,1B,0,NULL,NULL,NULL,NULL,NULL,NULL
"Quilvio Veras",2000,BS,369,SDN,9,2,3,0,5,5,2,0,1,360,20,S,2B,3,NULL,NULL,NULL,NULL,NULL,NULL
"Quilvio Veras",2001,BS,47,ATL,9,1,2,0,7,6,1,0,1,320,20,S,2B,2,NULL,NULL,NULL,NULL,NULL,NULL
"Quintin Berry",2012,GU,NULL,NULL,7,0,2,0,4,8,1,3,0,200,23,NULL,CF,2,NULL,NULL,NULL,NULL,NULL,NULL
"Rafael Furcal",2012,GU,NULL,NULL,7,0,3,2,3,8,2,1,0,160,17,NULL,SS,3,NULL,NULL,NULL,NULL,NULL,NULL
"Rafael Palmeiro",2000,BS,440,TEX,10,0,0,4,5,5,2,0,4,520,10,L,DH,0,NULL,NULL,NULL,NULL,NULL,NULL
"Rafael Palmeiro",2001,BS,443,TEX,9,0,1,3,6,5,1,0,4,390,15,L,1B,0,NULL,NULL,NULL,NULL,NULL,NULL
"Rajai Davis",2012,GU,NULL,NULL,6,1,3,1,2,7,2,1,1,60,21,NULL,LFRF,2,NULL,NULL,NULL,NULL,NULL,NULL
"Ramon Santiago",2012,GU,NULL,NULL,5,1,3,1,4,8,2,1,0,20,15,NULL,2B,5,SS,1,NULL,NULL,NULL,NULL
"Randy Winn",2000,BS,430,TBA,6,1,2,0,0,10,3,2,0,140,20,S,OF,1,NULL,NULL,NULL,NULL,NULL,NULL
"Raul Ibanez",2000,BS,394,SEA,6,0,1,1,2,9,1,0,4,190,15,L,LFRF,2,1B,0,NULL,NULL,NULL,NULL
"Raul Ibanez",2012,GU,NULL,NULL,6,3,1,1,3,4,3,1,4,170,12,NULL,LFRF,0,NULL,NULL,NULL,NULL,NULL,NULL
"Ray Lankford",2000,BS,409,SLN,9,4,0,1,4,5,3,0,2,410,20,L,LFRF,2,NULL,NULL,NULL,NULL,NULL,NULL
"Reed Johnson",2012,GU,NULL,NULL,8,2,3,0,2,8,3,2,0,260,18,NULL,CF,1,NULL,NULL,NULL,NULL,NULL,NULL
"Reggie Sanders",2000,BS,367,SDN,9,2,1,2,5,3,1,1,3,470,20,R,LFRF,1,NULL,NULL,NULL,NULL,NULL,NULL
"Rich Amaral",2000,BS,49,BAL,8,1,4,0,4,6,2,1,0,220,20,R,OF,1,NULL,NULL,NULL,NULL,NULL,NULL
"Rich Aurilia",2000,BS,372,SFN,7,0,1,2,3,10,1,0,3,230,15,R,SS,3,NULL,NULL,NULL,NULL,NULL,NULL
"Richard Hidalgo",2001,BS,193,HOU,9,2,0,1,5,4,3,0,4,500,15,R,CF,3,LFRF,2,NULL,NULL,NULL,NULL
"Richie Sexson",2000,BS,137,CLE,6,1,1,0,3,5,1,2,7,290,15,R,LFRF,0,1B,0,NULL,NULL,NULL,NULL
"Rickie Weeks",2012,GU,NULL,NULL,7,3,0,0,8,1,3,1,3,250,17,NULL,2B,0,NULL,NULL,NULL,NULL,NULL,NULL
"Rico Brogna",2000,BS,330,PHN,7,2,1,1,2,7,2,1,3,240,15,L,1B,1,NULL,NULL,NULL,NULL,NULL,NULL
"Rob Brantly",2012,GU,NULL,NULL,7,0,1,1,6,6,4,0,2,220,14,NULL,C,3,NULL,NULL,NULL,NULL,NULL,NULL
"Robert Andino",2012,GU,NULL,NULL,5,4,1,0,4,8,2,0,1,30,19,NULL,3B,3,2B,1,NULL,NULL,NULL,NULL
"Roberto Alomar",2000,BS,126,CLE,10,1,1,2,6,4,2,0,2,560,20,S,2B,3,NULL,NULL,NULL,NULL,NULL,NULL
"Robinson Cano",2012,GU,NULL,NULL,10,1,2,1,3,7,4,0,2,540,14,NULL,2B,5,NULL,NULL,NULL,NULL,NULL,NULL
"Rod Barajas",2012,GU,NULL,NULL,5,3,0,2,5,5,2,0,3,70,8,NULL,C,1,NULL,NULL,NULL,NULL,NULL,NULL
"Roger Bernadina",2012,GU,NULL,NULL,8,1,0,1,8,7,2,0,1,240,21,NULL,CF,1,NULL,NULL,NULL,NULL,NULL,NULL
"Ron Belliard",2000,BS,233,MIL,9,0,3,2,5,7,2,0,1,270,15,R,2B,2,NULL,NULL,NULL,NULL,NULL,NULL
"Royce Clayton",2001,BS,435,TEX,7,1,4,1,3,6,1,1,2,160,20,R,SS,3,NULL,NULL,NULL,NULL,NULL,NULL
"Ruben Rivera",2000,BS,366,SDN,6,4,0,1,9,0,1,0,5,210,20,R,OF,2,NULL,NULL,NULL,NULL,NULL,NULL
"Ruben Tejada",2012,GU,NULL,NULL,8,0,2,4,4,8,2,0,0,150,13,NULL,SS,4,NULL,NULL,NULL,NULL,NULL,NULL
"Russ Johnson",2001,BS,425,TBA,7,1,1,2,5,9,0,0,1,90,15,R,2B,3,3B,2,NULL,NULL,NULL,NULL
"Russell Martin",2012,GU,NULL,NULL,6,1,0,3,5,5,3,0,3,170,10,NULL,C,4,NULL,NULL,NULL,NULL,NULL,NULL
"Ryan Braun",2012,GU,NULL,NULL,10,2,1,1,5,3,2,0,4,650,20,NULL,LFRF,1,NULL,NULL,NULL,NULL,NULL,NULL
"Ryan Doumit",2012,GU,NULL,NULL,7,2,1,3,2,6,4,0,2,240,13,NULL,C,4,LFRF,0,NULL,NULL,NULL,NULL
"Ryan Hanigan",2012,GU,NULL,NULL,9,0,3,1,5,9,2,0,0,230,12,NULL,C,9,NULL,NULL,NULL,NULL,NULL,NULL
"Ryan Howard",2012,GU,NULL,NULL,5,3,0,0,4,5,2,0,6,130,8,NULL,1B,0,NULL,NULL,NULL,NULL,NULL,NULL
"Ryan Ludwick",2012,GU,NULL,NULL,8,1,0,2,6,5,3,0,3,310,13,NULL,LFRF,1,NULL,NULL,NULL,NULL,NULL,NULL
"Ryan Roberts",2012,GU,NULL,NULL,5,1,1,3,4,8,2,0,1,30,15,NULL,2B,5,3B,2,NULL,NULL,NULL,NULL
"Ryan Sweeney",2012,GU,NULL,NULL,6,2,2,2,2,5,5,2,0,60,15,NULL,CF,1,NULL,NULL,NULL,NULL,NULL,NULL
"Ryan Theriot",2012,GU,NULL,NULL,6,0,3,0,5,8,3,0,0,2,16,NULL,2B,3,NULL,NULL,NULL,NULL,NULL,NULL
"Ryan Zimmerman",2012,GU,NULL,NULL,8,1,1,1,5,6,3,0,3,290,15,NULL,3B,0,NULL,NULL,NULL,NULL,NULL,NULL
"Salvador Perez",2012,GU,NULL,NULL,7,0,1,2,2,9,3,0,3,240,13,NULL,C,8,NULL,NULL,NULL,NULL,NULL,NULL
"Sandy Alomar Jr.",2001,BS,126,CLE,7,0,3,0,0,13,2,1,1,120,15,R,C,3,NULL,NULL,NULL,NULL,NULL,NULL
"Scott Brosius",2000,BS,295,NYA,6,0,1,2,4,5,3,0,4,190,15,R,3B,3,NULL,NULL,NULL,NULL,NULL,NULL
"Scott Hairston",2012,GU,NULL,NULL,5,1,0,1,3,5,4,1,5,50,12,NULL,CF,0,NULL,NULL,NULL,NULL,NULL,NULL
"Scott Moore",2012,GU,NULL,NULL,7,2,0,0,3,10,3,0,2,130,11,NULL,1B,0,LFRF,1,3B,0,NULL,NULL
"Scott Podsednik",2012,GU,NULL,NULL,7,0,3,2,2,11,1,0,0,100,20,NULL,CF,1,NULL,NULL,NULL,NULL,NULL,NULL
"Scott Rolen",2000,BS,339,PHN,9,3,0,2,6,2,2,0,4,460,15,R,3B,3,NULL,NULL,NULL,NULL,NULL,NULL
"Scott Rolen",2012,GU,NULL,NULL,6,1,0,2,5,7,3,0,2,70,9,NULL,3B,3,NULL,NULL,NULL,NULL,NULL,NULL
"Sean Berry",2000,BS,234,MIL,5,0,1,1,3,12,2,0,1,30,10,R,1B,0,NULL,NULL,NULL,NULL,NULL,NULL
"Sean Rodriguez",2012,GU,NULL,NULL,5,1,2,2,6,6,2,0,1,40,17,NULL,2B,3,3B,0,SS,3,NULL,NULL
"Seth Smith",2012,GU,NULL,NULL,8,2,3,1,4,5,2,1,2,270,15,NULL,LFRF,0,NULL,NULL,NULL,NULL,NULL,NULL
"Shane Andrews",2000,BS,263,MON,6,3,1,1,9,1,0,0,5,140,10,R,3B,1,NULL,NULL,NULL,NULL,NULL,NULL
"Shane Robinson",2012,GU,NULL,NULL,6,1,3,1,4,7,3,0,1,70,15,NULL,CF,1,NULL,NULL,NULL,NULL,NULL,NULL
"Shane Victorino",2012,GU,NULL,NULL,7,0,3,3,1,5,3,2,1,250,22,NULL,CF,2,NULL,NULL,NULL,NULL,NULL,NULL
"Shelly Duncan",2012,GU,NULL,NULL,5,1,0,4,5,4,2,0,4,110,13,NULL,LFRF,0,NULL,NULL,NULL,NULL,NULL,NULL
"Shin-Soo Choo",2012,GU,NULL,NULL,10,3,2,1,4,5,3,0,1,440,19,NULL,LFRF,1,NULL,NULL,NULL,NULL,NULL,NULL
"Skip Schumaker",2012,GU,NULL,NULL,8,0,4,1,3,7,3,2,0,170,14,NULL,2B,3,OF,1,NULL,NULL,NULL,NULL
"Starlin Castro",2012,GU,NULL,NULL,7,0,3,3,0,4,3,3,2,270,22,NULL,SS,0,NULL,NULL,NULL,NULL,NULL,NULL
"Starling Marte",2012,GU,NULL,NULL,6,6,0,0,1,4,1,4,2,210,22,NULL,LFRF,1,NULL,NULL,NULL,NULL,NULL,NULL
"Stephen Lombardzi",2012,GU,NULL,NULL,6,0,1,2,4,8,3,2,0,90,15,NULL,2B,2,LFRF,1,3B,2,NULL,NULL
"Steve Clevenger",2012,GU,NULL,NULL,5,1,4,1,4,7,3,0,0,10,10,NULL,C,2,NULL,NULL,NULL,NULL,NULL,NULL
"Steve Cox",2001,BS,420,TBA,9,0,3,1,6,6,2,0,2,260,10,L,LFRF,1,1B,0,NULL,NULL,NULL,NULL
"Taylor Green",2012,GU,NULL,NULL,5,3,2,1,4,4,4,0,2,50,10,NULL,1B,0,NULL,NULL,NULL,NULL,NULL,NULL
"Terry Shumpert",2000,BS,154,COL,10,1,0,4,3,5,4,0,2,560,20,R,2B,4,NULL,NULL,NULL,NULL,NULL,NULL
"Tim Bogar",2000,BS,190,HOU,7,0,3,2,5,6,2,1,1,160,15,R,SS,5,NULL,NULL,NULL,NULL,NULL,NULL
"Todd Frazier",2012,GU,NULL,NULL,8,2,0,4,3,5,2,2,2,290,14,NULL,3B,3,1B,0,NULL,NULL,NULL,NULL
"Todd Helton",2012,GU,NULL,NULL,8,0,1,3,8,3,3,0,2,280,15,NULL,1B,1,NULL,NULL,NULL,NULL,NULL,NULL
"Todd Hollandsworth",2001,BS,146,COL,7,2,1,0,4,6,2,0,3,200,20,L,OF,1,NULL,NULL,NULL,NULL,NULL,NULL
"Tom Goodwin",2001,BS,220,LAN,8,2,2,0,5,5,0,1,1,210,20,L,CF,2,LFRF,1,NULL,NULL,NULL,NULL
"Tom Lampkin",2000,BS,395,SEA,8,0,2,3,2,7,2,1,3,340,15,L,C,9,NULL,NULL,NULL,NULL,NULL,NULL
"Tony Batista",2000,BS,448,TOR,7,0,0,4,2,6,3,0,5,310,15,R,SS,3,NULL,NULL,NULL,NULL,NULL,NULL
"Tony Campana",2012,GU,NULL,NULL,6,3,2,0,2,7,3,0,0,40,23,NULL,CF,1,NULL,NULL,NULL,NULL,NULL,NULL
"Tony Clark",2001,BS,158,DET,8,3,2,0,4,5,2,0,4,280,10,S,1B,0,NULL,NULL,NULL,NULL,NULL,NULL
"Tony Gwynn Jr",2012,GU,NULL,NULL,5,1,4,1,2,6,1,3,0,40,21,NULL,CF,1,NULL,NULL,NULL,NULL,NULL,NULL
"Tony Phillips",2000,BS,323,OAK,8,1,1,2,8,2,2,1,2,300,15,S,2B,2,OF,1,NULL,NULL,NULL,NULL
"Torii Hunter",2012,GU,NULL,NULL,9,2,2,0,2,10,2,0,1,240,16,NULL,LFRF,2,NULL,NULL,NULL,NULL,NULL,NULL
"Travis Ishikawa",2012,GU,NULL,NULL,7,2,0,1,4,7,4,1,1,120,16,NULL,1B,0,NULL,NULL,NULL,NULL,NULL,NULL
"Travis Lee",2001,BS,331,PHI,8,1,3,1,7,4,2,0,1,150,15,L,LFRF,2,1B,0,NULL,NULL,NULL,NULL
"Trevor Plouffe",2012,GU,NULL,NULL,6,2,1,3,3,5,2,0,4,210,13,NULL,LFRF,1,3B,1,NULL,NULL,NULL,NULL
"Trot Nixon",2001,BS,74,BOS,9,2,1,2,6,4,2,1,1,250,15,L,LFRF,1,NULL,NULL,NULL,NULL,NULL,NULL
"Troy Tulowitzki",2012,GU,NULL,NULL,8,0,1,1,6,5,2,1,3,300,16,NULL,SS,1,NULL,NULL,NULL,NULL,NULL,NULL
"Ty Wigginton",2012,GU,NULL,NULL,6,3,0,1,6,5,3,0,2,160,13,NULL,1B,0,3B,0,NULL,NULL,NULL,NULL
"Tyler Colvin",2012,GU,NULL,NULL,7,3,0,1,0,8,4,2,2,230,13,NULL,OF,1,1B,0,NULL,NULL,NULL,NULL
"Tyler Flowers",2012,GU,NULL,NULL,5,3,0,0,5,4,3,0,5,80,14,NULL,C,6,NULL,NULL,NULL,NULL,NULL,NULL
"Tyler Greene",2012,GU,NULL,NULL,5,5,0,1,1,6,3,0,4,110,16,NULL,2B,4,SS,3,NULL,NULL,NULL,NULL
"Tyler Moore",2012,GU,NULL,NULL,7,3,0,1,5,3,3,0,5,330,14,NULL,1B,0,LFRF,0,NULL,NULL,NULL,NULL
"Vernon Wells",2012,GU,NULL,NULL,5,1,2,3,3,5,2,0,4,70,12,NULL,LFRF,0,NULL,NULL,NULL,NULL,NULL,NULL
"Vinny Castilla",2001,BS,419,TBA,5,0,3,0,0,13,0,0,4,30,15,R,3B,2,NULL,NULL,NULL,NULL,NULL,NULL
"Wade Boggs",2000,BS,419,TBA,9,0,4,1,4,9,1,0,1,220,10,L,3B,1,NULL,NULL,NULL,NULL,NULL,NULL
"Wally Joyner",2000,BS,363,SDN,8,0,2,2,8,6,1,0,1,140,10,L,1B,0,NULL,NULL,NULL,NULL,NULL,NULL
"Warren Morris",2000,BS,350,PIT,8,0,2,2,4,9,1,0,2,260,15,L,2B,3,NULL,NULL,NULL,NULL,NULL,NULL
"Wellington Castillo",2012,GU,NULL,NULL,7,2,0,0,4,9,3,0,2,160,10,NULL,C,5,NULL,NULL,NULL,NULL,NULL,NULL
"Wilin Rosario",2012,GU,NULL,NULL,6,3,0,1,2,5,3,0,6,230,14,NULL,C,6,NULL,NULL,NULL,NULL,NULL,NULL
"Will Middlebrooks",2012,GU,NULL,NULL,7,4,0,1,1,8,2,0,4,220,15,NULL,3B,2,NULL,NULL,NULL,NULL,NULL,NULL
"Will Venable",2012,GU,NULL,NULL,8,1,2,1,3,6,3,2,1,320,21,NULL,CF,1,NULL,NULL,NULL,NULL,NULL,NULL
"Willie Bloomquist",2012,GU,NULL,NULL,7,0,3,2,1,7,3,3,0,180,13,NULL,SS,4,NULL,NULL,NULL,NULL,NULL,NULL
"Willie McGee",2000,BS,411,SLN,6,2,3,0,0,13,0,0,0,50,15,S,OF,0,NULL,NULL,NULL,NULL,NULL,NULL
"Wilson Betemit",2012,GU,NULL,NULL,7,5,0,1,3,6,3,0,2,150,14,NULL,3B,0,1B,0,NULL,NULL,NULL,NULL
"Wilson Valdez",2012,GU,NULL,NULL,5,3,2,1,3,9,2,0,0,40,16,NULL,2B,4,3B,3,SS,3,NULL,NULL
"Yadier Molina",2012,GU,NULL,NULL,10,0,2,4,3,7,2,0,1,390,16,NULL,C,9,NULL,NULL,NULL,NULL,NULL,NULL
"Yoenis Cespedes",2012,GU,NULL,NULL,9,3,1,2,3,5,2,1,2,400,17,NULL,CF,1,NULL,NULL,NULL,NULL,NULL,NULL
"Yonder Alonso",2012,GU,NULL,NULL,8,1,0,2,5,8,4,0,0,100,15,NULL,1B,0,NULL,NULL,NULL,NULL,NULL,NULL
"Yunel Escobar",2012,GU,NULL,NULL,6,1,3,2,2,9,2,0,1,100,15,NULL,SS,4,NULL,NULL,NULL,NULL,NULL,NULL
"Yuniesky Betancourt",2012,GU,NULL,NULL,5,1,1,3,3,6,4,0,2,120,13,NULL,2B,3,NULL,NULL,NULL,NULL,NULL,NULL
"Zack Cozart",2012,GU,NULL,NULL,5,5,0,1,2,5,2,0,5,170,16,NULL,SS,3,NULL,NULL,NULL,NULL,NULL,NULL
