Name,year,set,cardNo,team,control,pu,so,gb,fb,bb,b1,b2,hr,pts,ip,hand,pos
Tim Belcher,2000,BS,2,Angels,0,3,2,7,6,0,1,1,0,110,6,R,Starter
Chuck Finley,2000,BS,5,Angels,5,2,5,5,3,2,2,1,0,470,6,L,Starter
Troy Percival,2000,BS,10,Angels,3,2,6,3,7,1,0,1,0,180,1,R,Closer
Mark Petkovsek,2000,BS,11,Angels,3,3,3,7,4,0,2,1,0,130,1,R,Reliever
Steve Sparks,2000,BS,13,Angels,0,4,3,5,6,1,1,0,0,150,6,R,Starter
Andy Benes,2000,BS,17,Diamondbacks,4,2,4,5,4,2,2,1,0,350,6,R,Starter
Omar Daal,2000,BS,18,Diamondbacks,5,2,4,5,4,2,2,1,0,510,7,R,Starter
Randy Johnson,2000,BS,24,Diamondbacks,3,2,10,3,3,1,1,0,0,630,8,L,Starter
Matt Mantei,2000,BS,26,Diamondbacks,3,1,10,2,3,4,0,0,0,150,1,R,Closer
Dan Plesac,2000,BS,27,Diamondbacks,4,2,7,2,4,1,3,1,0,90,1,L,Reliever
Greg Swindell,2000,BS,29,Diamondbacks,3,2,5,4,6,1,2,0,0,140,1,L,Reliever
Tom Glavine,2000,BS,33,Braves,4,3,3,6,3,1,4,0,0,450,7,L,Starter
Greg Maddux,2000,BS,41,Braves,5,3,4,6,2,0,4,1,0,480,7,R,Starter
Kevin Millwood,2000,BS,42,Braves,3,3,6,4,5,0,1,1,0,550,7,R,Starter
Mike Remlinger,2000,BS,44,Braves,6,2,6,4,3,2,3,0,0,170,1,L,Reliever
John Rocker,2000,BS,45,Braves,5,2,9,2,3,2,2,0,0,200,1,L,Closer
John Smoltz,2000,BS,46,Braves,6,2,5,5,3,1,3,1,0,550,6,R,Starter
Scott Erickson,2000,BS,55,Orioles,4,2,2,8,3,1,3,1,0,400,7,R,Starter
Mike Mussina,2000,BS,57,Orioles,3,2,5,6,4,0,2,1,0,470,7,R,Starter
Jesse Orosco,2000,BS,58,Orioles,3,1,6,5,4,2,1,1,0,110,1,L,Reliever
Sidney Ponson,2000,BS,59,Orioles,3,3,3,5,5,1,2,1,0,370,7,R,Starter
Mike Timlin,2000,BS,63,Orioles,6,2,4,6,3,2,2,1,0,190,1,R,Closer
Rod Beck,2000,BS,64,Red Sox,3,3,3,5,5,0,2,2,0,80,1,R,Reliever
Rheal Cormier,2000,BS,66,Red Sox,6,3,3,6,3,1,3,1,0,150,1,L,Reliever
Derek Lowe,2000,BS,70,Red Sox,6,3,4,7,2,1,2,1,0,180,1,R,Reliever
Pedro Martinez,2000,BS,71,Red Sox,5,2,9,3,3,0,2,1,0,660,7,R,Starter
Mark Portugal,2000,BS,75,Red Sox,3,2,3,6,5,0,2,1,1,120,5,R,Starter
Pat Rapp,2000,BS,76,Red Sox,4,2,3,7,3,2,3,0,0,370,5,R,Starter
Tim Wakefield,2000,BS,80,Red Sox,4,2,4,4,5,2,2,1,0,220,2,R,Reliever
Rick Aguilera,2000,BS,81,Cubs,3,2,5,5,6,0,1,1,0,170,1,R,Closer
Kyle Farnsworth,2000,BS,83,Cubs,4,3,3,4,5,1,2,1,1,170,6,R,Starter
Jon Lieber,2000,BS,87,Cubs,5,2,6,4,3,0,4,1,0,420,6,R,Starter
Scott Sanders,2000,BS,92,Cubs,0,2,6,5,5,1,1,0,0,70,1,R,Reliever
Steve Trachsel,2000,BS,95,Cubs,3,2,5,5,4,1,2,1,0,330,6,R,Starter
James Baldwin,2000,BS,96,White Sox,3,3,3,5,5,1,2,1,0,330,6,R,Starter
Bob Howry,2000,BS,100,White Sox,5,2,6,3,4,3,2,0,0,180,1,R,Closer
Jim Parque,2000,BS,105,White Sox,0,3,4,6,5,1,1,0,0,160,6,L,Starter
Bill Simas,2000,BS,106,White Sox,3,3,3,5,5,1,2,1,0,100,1,R,Reliever
Mike Sirotka,2000,BS,108,White Sox,5,2,3,6,4,1,3,1,0,490,7,L,Starter
Danny Graves,2000,BS,114,Reds,4,2,4,7,3,2,2,0,0,180,1,R,Closer
Pete Harnisch,2000,BS,115,Reds,4,2,4,5,5,1,2,1,0,450,6,R,Starter
Scott Sullivan,2000,BS,118,Reds,6,3,4,3,5,2,2,1,0,150,1,R,Reliever
Brett Tomko,2000,BS,120,Reds,5,2,4,4,5,1,1,2,1,230,6,R,Starter
Ron Villone,2000,BS,123,Reds,3,4,4,4,4,2,1,1,0,340,6,L,Starter
Scott Williamson,2000,BS,124,Reds,3,1,8,4,5,2,0,0,0,190,1,R,Closer
Dave Burba,2000,BS,128,Indians,3,2,4,5,5,1,2,1,0,370,7,R,Starter
Bartolo Colon,2000,BS,129,Indians,3,3,4,6,4,1,1,1,0,440,6,R,Starter
Mike Jackson,2000,BS,132,Indians,6,3,4,5,3,2,3,0,0,200,1,R,Closer
Charles Nagy,2000,BS,135,Indians,3,3,3,6,4,0,3,1,0,320,6,R,Starter
Paul Shuey,2000,BS,138,Indians,6,2,6,5,2,2,2,1,0,160,1,R,Reliever
Pedro Astacio,2000,BS,143,Rockies,4,2,5,4,4,1,2,1,1,220,7,R,Starter
Brian Bohanon,2000,BS,147,Rockies,0,3,4,5,5,1,1,1,0,10,6,L,Starter
Jerry Dipoto,2000,BS,149,Rockies,0,1,6,6,5,1,1,0,0,70,1,R,Reliever
Darryl Kile,2000,BS,151,Rockies,0,2,4,6,5,1,1,1,0,10,6,R,Starter
Curtis Leskanic,2000,BS,152,Rockies,0,2,7,7,2,1,0,1,0,60,1,R,Reliever
Dave Veres,2000,BS,155,Rockies,0,3,7,5,3,0,1,0,1,60,1,R,Closer
Todd Jones,2000,BS,165,Tigers,3,2,5,6,3,2,2,0,0,150,1,R,Closer
Dave Mlicki,2000,BS,167,Tigers,3,3,3,6,4,1,2,1,0,340,6,R,Starter
Brian Moehler,2000,BS,168,Tigers,3,3,3,6,4,0,3,1,0,320,6,R,Starter
C. J. Nitkowski,2000,BS,169,Tigers,4,3,4,5,4,3,1,0,0,150,1,L,Reliever
Jeff Weaver,2000,BS,171,Tigers,3,3,4,5,4,1,2,1,0,330,6,R,Starter
Antonio Alfonseca,2000,BS,172,Marlins,3,2,4,7,3,1,3,0,0,150,1,R,Closer
Ryan Dempster,2000,BS,176,Marlins,4,2,5,4,3,3,2,1,0,220,6,R,Starter
Brian Edmondson,2000,BS,177,Marlins,0,3,4,6,5,1,0,1,0,60,1,R,Reliever
Braden Looper,2000,BS,181,Marlins,4,3,3,6,3,1,4,0,0,120,1,R,Reliever
Brian Meadows,2000,BS,183,Marlins,0,3,3,6,6,0,1,1,0,100,6,R,Starter
Dennis Springer,2000,BS,185,Marlins,0,3,3,6,6,0,2,0,0,210,7,R,Starter
Scott Elarton,2000,BS,192,Astros,4,3,6,3,4,1,2,1,0,440,6,R,Starter
Mike Hampton,2000,BS,195,Astros,3,2,5,7,2,2,2,0,0,470,7,L,Starter
Jose Lima,2000,BS,198,Astros,3,4,5,4,4,0,2,1,0,460,7,R,Starter
Jay Powell,2000,BS,199,Astros,4,3,6,3,2,2,3,1,0,70,1,R,Reliever
Shane Reynolds,2000,BS,200,Astros,3,2,6,6,3,0,2,1,0,470,7,R,Starter
Billy Wagner,2000,BS,202,Astros,5,2,11,2,3,1,1,0,0,230,1,L,Closer
Jeff Montgomery,2000,BS,209,Royals,4,3,2,6,3,1,4,1,0,100,1,R,Closer
Jose Rosado,2000,BS,211,Royals,4,2,4,5,5,1,2,1,0,450,6,L,Starter
Scott Service,2000,BS,213,Royals,0,2,6,5,5,1,1,0,0,70,1,R,Reliever
Jeff Suppan,2000,BS,215,Royals,5,2,2,7,4,1,3,1,0,460,6,R,Starter
Jay Witasick,2000,BS,217,Royals,3,2,3,6,4,2,3,0,0,280,6,R,Starter
Pedro Borbon,2000,BS,219,Dodgers,5,2,3,4,6,3,1,1,0,140,1,L,Reliever
Kevin Brown,2000,BS,220,Dodgers,5,3,5,5,3,1,2,1,0,600,7,R,Starter
Chan Ho Park,2000,BS,226,Dodgers,4,3,5,3,3,3,2,1,0,200,6,R,Starter
Jeff Shaw,2000,BS,227,Dodgers,6,3,3,4,5,1,4,0,0,200,1,R,Closer
Ismael Valdes,2000,BS,229,Dodgers,3,2,4,5,5,0,2,1,1,180,6,R,Starter
Scott Karl,2000,BS,239,Brewers,3,2,2,7,4,1,3,1,0,220,6,L,Starter
Mike Myers,2000,BS,241,Brewers,0,2,6,6,4,0,1,0,1,40,1,L,Reliever
Hideo Nomo,2000,BS,243,Brewers,3,2,6,3,5,2,1,1,0,330,6,R,Starter
Bob Wickman,2000,BS,246,Brewers,4,2,5,6,2,2,3,0,0,150,1,R,Closer
Steve Woodard,2000,BS,247,Brewers,3,3,4,5,4,0,3,1,0,310,6,R,Starter
Joe Mays,2000,BS,255,Twins,3,3,3,6,4,1,2,1,0,390,7,R,Starter
Eric Milton,2000,BS,257,Twins,6,2,4,3,6,1,3,1,0,530,6,L,Starter
Brad Radke,2000,BS,258,Twins,4,3,3,6,4,0,3,1,0,480,7,R,Starter
Mike Trombley,2000,BS,260,Twins,5,2,5,4,4,1,3,1,0,160,1,R,Closer
Bob Wells,2000,BS,262,Twins,6,2,3,4,6,1,3,1,0,150,1,R,Reliever
Dustin Hermanson,2000,BS,269,Expos,3,3,4,4,5,1,2,1,0,320,6,R,Starter
Steve Kline,2000,BS,270,Expos,6,1,6,6,2,2,2,1,0,160,1,L,Reliever
Mike Thurman,2000,BS,272,Expos,5,3,3,5,4,2,2,1,0,410,5,R,Starter
Ugueth Urbina,2000,BS,273,Expos,6,2,8,2,3,2,3,0,0,200,1,R,Closer
Javier Vazquez,2000,BS,274,Expos,5,2,4,5,4,1,2,2,0,390,6,R,Starter
Armando Benitez,2000,BS,279,Mets,3,1,12,1,4,2,0,0,0,190,1,R,Closer
Dennis Cook,2000,BS,281,Mets,3,2,7,3,5,1,0,1,1,90,1,R,Reliever
Orel Hershiser,2000,BS,286,Mets,4,3,3,6,3,2,2,1,0,360,6,R,Starter
Al Leiter,2000,BS,287,Mets,4,1,5,5,4,2,2,1,0,350,6,R,Starter
Kenny Rogers,2000,BS,291,Mets,0,2,4,8,4,1,1,0,0,190,6,R,Starter
Turk Wendell,2000,BS,293,Mets,3,2,6,3,5,1,2,1,0,100,1,R,Reliever
Masato Yoshii,2000,BS,294,Mets,3,1,4,5,6,1,1,2,0,270,6,R,Starter
Roger Clemens,2000,BS,296,Yankees,3,2,5,5,4,2,2,0,0,400,6,R,Starter
David Cone,2000,BS,297,Yankees,5,2,5,4,4,2,2,1,0,460,6,R,Starter
Orlando Hernandez,2000,BS,300,Yankees,3,3,4,4,6,1,1,1,0,430,6,R,Starter
Ramiro Mendoza,2000,BS,305,Yankees,4,3,4,6,3,0,3,1,0,270,2,R,Reliever
Andy Pettitte,2000,BS,307,Yankees,4,2,3,7,3,1,3,1,0,350,6,L,Starter
Mariano Rivera,2000,BS,309,Yankees,4,3,4,7,4,1,1,0,0,210,1,R,Closer
Mike Stanton,2000,BS,310,Yankees,5,3,5,3,4,0,4,1,0,120,1,L,Reliever
Kevin Appier,2000,BS,312,Athletics,3,3,3,6,4,1,2,1,0,340,6,R,Starter
Buddy Groom,2000,BS,317,Athletics,3,2,4,7,3,1,3,0,0,120,1,L,Reliever
Gil Heredia,2000,BS,318,Athletics,4,3,3,6,4,0,3,1,0,440,6,R,Starter
Doug Jones,2000,BS,321,Athletics,3,2,4,6,5,0,2,1,0,120,1,R,Reliever
Omar Olivares,2000,BS,322,Athletics,3,2,2,7,5,1,2,1,0,340,6,R,Starter
Paul Byrd,2000,BS,331,Phillies,3,3,3,5,5,1,2,1,0,330,6,R,Starter
Wayne Gomes,2000,BS,334,Phillies,4,2,4,6,2,4,2,0,0,130,1,R,Closer
Steve Montgomery,2000,BS,337,Phillies,5,1,5,4,5,2,2,1,0,130,1,R,Reliever
Chad Ogea,2000,BS,338,Phillies,0,3,3,5,7,0,0,1,1,10,6,R,Starter
Curt Schilling,2000,BS,340,Phillies,6,2,5,4,4,1,3,1,0,600,8,R,Starter
Kris Benson,2000,BS,343,Pirates,3,2,5,6,3,1,2,1,0,340,6,R,Starter
Brad Clontz,2000,BS,346,Pirates,3,2,5,4,5,2,2,0,0,120,1,R,Reliever
Todd Ritchie,2000,BS,351,Pirates,5,2,4,6,3,1,3,1,0,500,7,R,Starter
Scott Sauerbeck,2000,BS,352,Pirates,3,2,5,6,3,2,1,1,0,110,1,R,Reliever
Jason Schmidt,2000,BS,353,Pirates,3,3,4,5,4,1,2,1,0,330,6,R,Starter
Mike Williams,2000,BS,355,Pirates,0,3,9,3,3,1,1,0,0,90,1,R,Closer
Andy Ashby,2000,BS,357,Padres,4,3,4,6,3,1,2,1,0,500,7,R,Starter
Sterling Hitchcock,2000,BS,360,Padres,5,2,6,3,4,1,3,1,0,430,6,L,Starter
Trevor Hoffman,2000,BS,361,Padres,4,1,8,5,4,0,1,1,0,200,1,R,Closer
Matt Whisenant,2000,BS,370,Padres,4,2,4,6,2,3,2,1,0,80,1,L,Reliever
Woody Williams,2000,BS,371,Padres,3,2,4,5,5,1,1,1,1,190,6,R,Starter
Alan Embree,2000,BS,376,Giants,6,1,5,3,6,3,2,0,0,170,1,L,Reliever
Shawn Estes,2000,BS,377,Giants,0,3,6,5,4,1,1,0,0,150,6,L,Starter
John Johnstone,2000,BS,378,Giants,6,2,5,3,6,1,2,1,0,170,1,R,Reliever
Robb Nen,2000,BS,382,Giants,3,2,7,4,3,1,3,0,0,140,1,R,Closer
Russ Ortiz,2000,BS,383,Giants,0,2,6,5,5,2,0,0,0,170,6,R,Starter
Kirk Rueter,2000,BS,384,Giants,4,3,2,5,5,1,3,1,0,330,6,L,Starter
Freddy Garcia,2000,BS,390,Mariners,3,2,5,5,4,1,2,1,0,330,6,R,Starter
John Halama,2000,BS,392,Mariners,5,2,3,6,4,1,3,1,0,490,7,L,Starter
Jose Mesa,2000,BS,397,Mariners,4,2,3,5,4,2,4,0,0,120,1,R,Closer
Jamie Moyer,2000,BS,398,Mariners,3,3,3,6,5,0,2,1,0,470,7,L,Starter
Jose Paniagua,2000,BS,399,Mariners,3,1,5,6,3,3,2,0,0,100,1,R,Reliever
Manny Aybar,2000,BS,402,Cardinals,3,2,5,4,5,1,2,1,0,100,1,R,Reliever
Ricky Bottalico,2000,BS,403,Cardinals,2,3,5,4,3,2,2,1,0,70,1,R,Closer
Kent Bottenfield,2000,BS,404,Cardinals,0,3,5,4,6,1,1,0,0,140,6,R,Starter
Jose Jimenez,2000,BS,408,Cardinals,0,3,5,7,3,1,1,0,0,180,6,R,Starter
Darren Oliver,2000,BS,413,Cardinals,4,2,3,6,4,1,3,1,0,380,7,L,Starter
Lance Painter,2000,BS,414,Cardinals,3,2,6,5,3,1,2,1,0,100,1,L,Reliever
Wilson Alvarez,2000,BS,417,Devil Rays,3,2,4,6,4,2,1,1,0,360,6,L,Starter
Rolando Arrojo,2000,BS,418,Devil Rays,0,3,5,6,4,1,1,0,0,170,6,R,Starter
Roberto Hernandez,2000,BS,423,Devil Rays,5,2,5,5,3,2,3,0,0,180,1,R,Closer
Rick White,2000,BS,429,Devil Rays,4,2,4,6,3,1,3,1,0,230,2,R,Reliever
Bobby Witt,2000,BS,431,Devil Rays,3,1,4,6,4,2,2,1,0,230,6,R,Starter
Tim Crabtree,2000,BS,433,Rangers,5,2,4,6,3,1,4,0,0,150,1,R,Reliever
Rick Helling,2000,BS,437,Rangers,3,2,3,5,6,1,1,1,1,190,6,R,Starter
Mike Morgan,2000,BS,439,Rangers,0,3,2,9,4,0,1,1,0,40,5,R,Starter
Aaron Sele,2000,BS,442,Rangers,4,2,5,5,3,1,3,1,0,330,6,R,Starter
Mike Venafro,2000,BS,444,Rangers,4,2,3,9,2,1,3,0,0,150,1,L,Reliever
John Wetteland,2000,BS,445,Rangers,6,2,5,2,6,1,3,1,0,180,1,R,Closer
Jeff Zimmerman,2000,BS,447,Rangers,4,2,5,5,6,1,1,0,0,180,1,R,Reliever
Kelvim Escobar,2000,BS,452,Blue Jays,0,3,4,6,5,1,1,0,0,160,6,R,Starter
Pat Hentgen,2000,BS,456,Blue Jays,3,3,3,5,5,1,2,1,0,330,6,R,Starter
Billy Koch,2000,BS,457,Blue Jays,5,1,5,6,3,2,2,1,0,170,1,R,Closer
Graeme Lloyd,2000,BS,458,Blue Jays,6,2,3,6,4,1,3,1,0,150,1,R,Reliever
David Wells,2000,BS,462,Blue Jays,4,3,4,5,4,1,2,1,0,490,7,L,Starter
Kent Bottenfield,2000,PR,1,Angels,3,3,4,5,4,1,2,1,0,330,6,R,Starter
Ken Hill,2000,PR,2,Angels,0,2,4,7,5,1,1,0,0,170,6,R,Starter
Brian Anderson,2000,PR,6,Diamondbacks,5,2,3,5,5,0,4,1,0,420,6,L,Starter
Armando Reynoso,2000,PR,8,Diamondbacks,4,2,3,5,5,1,3,1,0,330,6,R,Starter
Russ Springer,2000,PR,9,Diamondbacks,5,2,5,2,7,2,1,1,0,150,1,R,Reliever
Todd Stottlemyre,2000,PR,10,Diamondbacks,4,3,4,4,4,2,2,1,0,340,6,R,Starter
Kevin McGlinchy,2000,PR,14,Braves,3,3,6,3,4,1,2,1,0,100,1,R,Reliever
Terry Mulholland,2000,PR,15,Braves,4,2,3,7,3,0,4,1,0,330,6,L,Starter
Mike Trombley,2000,PR,19,Orioles,4,2,5,4,5,1,2,1,0,130,1,R,Reliever
Ramon Martinez,2000,PR,22,Red Sox,6,2,5,4,4,2,2,1,0,570,6,R,Starter
Bret Saberhagen,2000,PR,23,Red Sox,5,3,4,4,5,0,3,1,0,430,6,R,Starter
John Wasdin,2000,PR,24,Red Sox,5,3,4,4,5,0,2,1,1,240,2,R,Reliever
Kevin Tapani,2000,PR,28,Cubs,3,3,3,6,4,0,2,2,0,260,6,R,Starter
Kerry Wood,2000,PR,29,Cubs,4,2,9,2,3,3,1,0,0,520,6,R,Starter
Keith Foulke,2000,PR,31,White Sox,4,3,7,3,5,0,1,1,0,350,2,R,Reliever
Sean Lowe,2000,PR,33,White Sox,3,2,3,7,4,2,2,0,0,120,1,R,Reliever
Denny Neagle,2000,PR,37,Reds,6,2,4,3,6,2,0,2,1,350,6,L,Starter
Steve Parris,2000,PR,38,Reds,3,2,4,6,4,1,2,1,0,340,6,R,Starter
Dennys Reyes,2000,PR,39,Reds,3,2,7,5,2,3,1,0,0,130,1,L,Reliever
Chuck Finley,2000,PR,41,Indians,5,2,5,4,4,2,2,1,0,460,6,L,Starter
Steve Karsay,2000,PR,42,Indians,6,3,5,5,2,2,2,1,0,190,1,R,Closer
Steve Reed,2000,PR,43,Indians,5,2,4,5,4,1,3,1,0,130,1,R,Reliever
Jaret Wright,2000,PR,44,Indians,0,3,4,6,5,1,1,0,0,60,5,R,Starter
Doug Brocail,2000,PR,51,Tigers,4,2,6,5,4,1,2,0,0,160,1,R,Reliever
Hideo Nomo,2000,PR,54,Tigers,3,2,6,3,5,1,1,1,1,220,7,R,Starter
Alex Fernandez,2000,PR,57,Marlins,4,2,4,5,5,1,2,1,0,450,6,R,Starter
Dan Miceli,2000,PR,59,Marlins,3,2,5,6,3,2,2,0,0,120,1,R,Reliever
Vladimir Nunez,2000,PR,60,Marlins,3,2,5,4,5,2,1,1,0,340,6,R,Starter
Octavio Dotel,2000,PR,63,Astros,3,1,7,3,5,3,0,1,0,350,6,R,Starter
Brad Rigby,2000,PR,67,Royals,4,3,2,6,4,1,3,1,0,220,2,R,Reliever
Blake Stein,2000,PR,68,Royals,4,2,3,4,6,4,1,0,0,420,6,R,Starter
Mac Suzuki,2000,PR,69,Royals,3,2,3,5,5,2,2,1,0,210,6,R,Starter
Terry Adams,2000,PR,70,Dodgers,6,3,4,6,2,2,2,1,0,160,1,R,Reliever
Darren Dreifort,2000,PR,71,Dodgers,4,2,5,5,3,2,2,1,0,350,6,R,Starter
Gregg Olson,2000,PR,75,Dodgers,3,2,4,5,6,1,2,0,0,140,1,R,Reliever
Dave Weathers,2000,PR,78,Brewers,4,3,5,4,3,1,3,1,0,100,1,R,Reliever
Hector Carrasco,2000,PR,79,Twins,3,2,4,6,4,1,3,0,0,120,1,R,Reliever
Eddie Guardado,2000,PR,80,Twins,4,1,6,3,6,2,0,2,0,150,1,L,Closer
Hideki Irabu,2000,PR,84,Expos,5,3,4,3,5,1,3,1,0,370,5,R,Starter
Anthony Telford,2000,PR,86,Expos,0,3,5,7,3,0,2,0,0,70,1,R,Reliever
John Franco,2000,PR,88,Mets,3,4,6,4,2,1,2,1,0,100,1,L,Reliever
Mike Hampton,2000,PR,89,Mets,3,2,5,6,3,2,2,0,0,410,6,L,Starter
Bobby J. Jones,2000,PR,90,Mets,5,3,3,5,4,1,3,1,0,450,6,R,Starter
Jason Grimsley,2000,PR,93,Yankees,4,3,3,7,3,2,2,0,0,150,1,R,Reliever
Ramiro Mendoza,2000,PR,96,Yankees,4,3,4,6,3,0,3,1,0,480,7,R,Starter
Tim Hudson,2000,PR,99,Athletics,5,3,5,5,2,2,2,1,0,480,6,R,Starter
Jason Isringhausen,2000,PR,100,Athletics,3,2,4,5,5,2,1,1,0,140,1,R,Closer
Mike Magnante,2000,PR,101,Athletics,4,3,3,5,5,1,2,1,0,130,1,L,Reliever
Robert Person,2000,PR,104,Phillies,0,2,7,4,5,1,0,1,0,100,6,R,Starter
Jason Christiansen,2000,PR,106,Pirates,3,2,6,6,3,2,0,1,0,130,1,L,Reliever
Francisco Cordova,2000,PR,108,Pirates,4,2,4,5,4,1,3,1,0,330,6,R,Starter
Matt Clement,2000,PR,113,Padres,0,2,5,7,4,1,1,0,0,170,6,R,Starter
Livan Hernandez,2000,PR,119,Giants,4,3,4,4,4,1,3,1,0,370,7,R,Starter
Joe Nathan,2000,PR,121,Giants,3,3,4,6,3,1,2,0,1,190,5,R,Starter
Gil Meche,2000,PR,124,Mariners,4,1,3,6,5,3,1,1,0,380,6,R,Starter
Arthur Rhodes,2000,PR,126,Mariners,3,1,6,4,5,3,0,0,1,180,2,L,Reliever
Aaron Sele,2000,PR,127,Mariners,3,2,6,5,3,1,2,1,0,380,7,R,Starter
Pat Hentgen,2000,PR,129,Cardinals,3,3,3,5,5,1,2,0,1,170,5,R,Starter
Darryl Kile,2000,PR,130,Cardinals,3,1,4,6,4,2,2,1,0,230,6,R,Starter
Dave Veres,2000,PR,132,Cardinals,5,2,5,4,4,2,3,0,0,170,1,R,Closer
Juan Guzman,2000,PR,135,Devil Rays,5,2,4,4,5,2,2,1,0,40,5,R,Starter
Ryan Rupe,2000,PR,136,Devil Rays,5,2,3,5,5,2,2,1,0,460,6,R,Starter
Esteban Yan,2000,PR,139,Devil Rays,2,2,4,5,4,2,3,0,0,50,1,R,Reliever
Kenny Rogers,2000,PR,143,Rangers,4,2,3,7,3,1,3,1,0,350,6,L,Starter
Chris Carpenter,2000,PR,146,Blue Jays,3,3,4,5,4,1,2,1,0,330,6,R,Starter
Roy Halladay,2000,PR,149,Blue Jays,4,3,3,5,4,2,2,1,0,400,7,R,Starter
Shigetoshi Hasegawa,2001,BS,5,Angels,2,3,4,6,4,1,2,0,0,130,1,R,Reliever
Al Levine,2001,BS,7,Angels,4,2,2,7,4,2,2,1,0,210,2,R,Reliever
Troy Percival,2001,BS,9,Angels,2,2,6,3,6,2,1,0,0,120,1,R,Closer
Mark Petkovsek,2001,BS,10,Angels,4,2,2,9,3,0,3,1,0,180,1,R,Reliever
Scott Schoeneweis,2001,BS,12,Angels,4,2,3,8,2,1,3,1,0,380,6,L,Starter
Jarrod Washburn,2001,BS,15,Angels,5,3,3,4,5,2,2,1,0,430,6,L,Starter
Brian Anderson,2001,BS,16,Diamondbacks,4,3,2,6,5,0,2,1,1,310,7,L,Starter
Randy Johnson,2001,BS,22,Diamondbacks,3,2,8,4,3,1,1,1,0,440,7,L,Starter
Byung-Hyun Kim,2001,BS,23,Diamondbacks,2,2,10,3,2,3,0,0,0,110,1,R,Reliever
Matt Mantei,2001,BS,24,Diamondbacks,5,4,6,2,3,3,1,1,0,170,1,R,Closer
Mike Morgan,2001,BS,25,Diamondbacks,1,2,3,9,3,0,3,0,0,70,1,R,Reliever
Curt Schilling,2001,BS,26,Diamondbacks,3,3,5,5,4,0,2,1,0,450,7,R,Starter
Greg Swindell,2001,BS,28,Diamondbacks,5,2,5,4,5,0,3,1,0,210,1,L,Reliever
Andy Ashby,2001,BS,31,Braves,2,2,3,8,4,0,2,1,0,340,6,R,Starter
Tom Glavine,2001,BS,35,Braves,3,3,3,7,4,0,2,1,0,480,7,L,Starter
Greg Maddux,2001,BS,42,Braves,6,2,4,7,2,1,3,1,0,590,7,R,Starter
Kevin Millwood,2001,BS,43,Braves,3,3,4,4,6,0,2,1,0,410,6,R,Starter
Mike Remlinger,2001,BS,44,Braves,3,2,6,6,3,2,1,0,0,200,1,L,Reliever
John Rocker,2001,BS,45,Braves,3,3,8,2,3,3,1,0,0,130,1,L,Closer
Buddy Groom,2001,BS,52,Orioles,5,2,4,6,3,1,3,1,0,170,1,L,Reliever
Jose Mercedes,2001,BS,55,Orioles,2,3,3,6,5,1,1,1,0,310,6,R,Starter
Mike Mussina,2001,BS,57,Orioles,3,3,5,6,3,0,2,1,0,450,7,R,Starter
Sidney Ponson,2001,BS,58,Orioles,2,3,4,6,4,1,2,0,0,410,7,R,Starter
Pat Rapp,2001,BS,59,Orioles,5,2,3,5,4,2,2,2,0,240,6,R,Starter
Mike Tromley,2001,BS,62,Orioles,5,2,5,5,3,2,2,0,1,100,1,R,Reliever
Rolando Arrojo,2001,BS,63,Red Sox,1,3,4,7,3,1,1,1,0,130,5,R,Starter
Rheal Cormier,2001,BS,65,Red Sox,4,3,4,6,3,0,3,1,0,170,1,L,Reliever
Rich Garces,2001,BS,67,Red Sox,4,3,5,5,4,0,2,1,0,220,1,R,Reliever
Derek Lowe,2001,BS,71,Red Sox,5,2,5,7,2,0,3,1,0,250,1,R,Closer
Pedro Martinez,2001,BS,72,Red Sox,5,2,8,4,3,1,2,0,0,700,7,R,Starter
Ramon Martinez,2001,BS,73,Red Sox,2,4,4,5,3,2,1,1,0,110,5,R,Starter
Rick Aguilera,2001,BS,78,Cubs,4,3,4,6,3,1,2,0,1,130,1,R,Closer
Felix Heredia,2001,BS,84,Cubs,5,2,5,5,3,2,2,1,0,170,1,L,Reliever
Jon Lieber,2001,BS,85,Cubs,3,2,5,7,3,0,2,1,0,470,7,R,Starter
Kevin Tapani,2001,BS,88,Cubs,4,3,4,6,3,0,2,1,1,310,7,R,Starter
Todd Van Poppel,2001,BS,89,Cubs,4,3,5,4,3,2,2,1,0,160,2,R,Reliever
Kerry Wood,2001,BS,91,Cubs,1,4,6,4,3,3,0,0,0,190,6,R,Starter
James Baldwin,2001,BS,93,White Sox,4,3,4,6,3,1,2,0,1,350,6,R,Starter
Keith Foulke,2001,BS,95,White Sox,4,3,6,4,4,1,2,0,0,270,1,R,Closer
Bob Howry,2001,BS,96,White Sox,4,3,5,5,3,2,2,0,0,200,1,R,Reliever
Jim Parque,2001,BS,102,White Sox,5,2,3,6,3,2,3,1,0,350,6,L,Starter
Bill Simas,2001,BS,104,White Sox,2,3,4,5,5,0,2,1,0,90,1,R,Reliever
Mike Sirotka,2001,BS,106,White Sox,2,3,4,7,3,1,2,0,0,390,6,L,Starter
Kelly Wunsch,2001,BS,109,White Sox,4,1,5,8,2,2,2,0,0,230,1,L,Reliever
Danny Graves,2001,BS,112,Reds,5,2,3,7,3,2,2,1,0,200,1,R,Closer
Pete Harnisch,2001,BS,114,Reds,5,3,3,5,4,1,2,2,0,380,6,R,Starter
Steve Parris,2001,BS,117,Reds,5,3,3,5,3,1,3,2,0,240,6,R,Starter
Scott Sullivan,2001,BS,120,Reds,4,4,5,4,3,1,2,1,0,160,1,R,Reliever
Ron Villone,2001,BS,123,Reds,0,4,3,6,4,2,0,1,0,10,6,R,Starter
Jason Bere,2001,BS,127,Indians,1,3,5,6,3,1,2,0,0,170,5,R,Starter
Dave Burba,2001,BS,128,Indians,3,2,5,6,3,1,2,1,0,340,6,R,Starter
Bartolo Colon,2001,BS,129,Indians,2,3,7,5,2,2,1,0,0,360,6,R,Starter
Chuck Finley,2001,BS,131,Indians,2,2,5,7,3,1,2,0,0,390,6,R,Starter
Steve Karsay,2001,BS,133,Indians,5,1,5,6,3,1,3,1,0,190,1,R,Closer
Bob Wickman,2001,BS,139,Indians,5,3,4,7,2,1,2,1,0,250,1,R,Closer
Pedro Astacio,2001,BS,140,Rockies,1,2,6,6,3,1,1,1,0,170,6,R,Starter
Brian Bohanon,2001,BS,141,Rockies,3,3,3,7,3,1,2,1,0,390,7,L,Starter
Jose Jimenez,2001,BS,148,Rockies,5,2,3,8,3,1,2,1,0,260,1,L,Closer
Gabe White,2001,BS,153,Rockies,5,3,6,3,5,0,2,1,0,260,1,L,Reliever
Masato Yoshii,2001,BS,154,Rockies,4,3,3,5,4,1,2,1,1,150,6,R,Starter
Matt Anderson,2001,BS,155,Tigers,3,2,6,5,3,2,2,0,0,130,1,R,Reliever
Todd Jones,2001,BS,165,Tigers,3,2,6,6,2,1,3,0,0,160,1,R,Closer
Brian Moehler,2001,BS,166,Tigers,4,3,3,6,3,0,4,1,0,340,6,R,Starter
Hideo Nomo,2001,BS,167,Tigers,2,3,6,4,4,1,1,1,0,290,6,R,Starter
Jeff Weaver,2001,BS,169,Tigers,2,3,4,6,4,0,2,1,0,350,7,R,Starter
Antonio Alfonseca,2001,BS,170,Marlins,4,2,4,7,2,1,3,1,0,140,1,R,Closer
Ryan Dempster,2001,BS,172,Marlins,3,3,5,5,3,1,2,1,0,360,7,R,Starter
Braden Looper,2001,BS,177,Marlins,4,3,2,8,2,2,3,0,0,170,1,R,Reliever
Brad Penny,2001,BS,179,Marlins,5,2,3,6,3,2,3,1,0,310,5,R,Starter
Jesus Sanchez,2001,BS,182,Marlins,3,3,3,5,5,1,1,1,1,160,6,L,Starter
Jose Cabrera,2001,BS,190,Astros,5,2,3,4,5,1,3,2,0,40,1,R,Reliever
Octavio Dotel,2001,BS,191,Astros,6,3,5,2,4,2,2,1,1,30,1,R,Closer
Scott Elarton,2001,BS,192,Astros,1,4,3,5,5,1,1,1,0,140,6,R,Starter
Chris Holt,2001,BS,194,Astros,1,2,3,8,4,0,2,1,0,210,6,R,Starter
Jose Lima,2001,BS,195,Astros,2,3,3,5,5,0,2,1,1,30,6,R,Starter
Ricky Bottalico,2001,BS,201,Royals,2,3,5,5,4,2,0,1,0,80,1,R,Reliever
Dan Reichert,2001,BS,208,Royals,2,2,4,8,2,2,2,0,0,340,7,R,Starter
Jose Santiago,2001,BS,210,Royals,5,2,3,7,3,1,3,1,0,290,2,R,Reliever
Jeff Suppan,2001,BS,211,Royals,1,3,3,7,4,1,1,1,0,240,7,R,Starter
Mac Suzaki,2001,BS,212,Royals,2,3,4,6,4,1,1,1,0,320,6,R,Starter
Terry Adams,2001,BS,215,Dodgers,3,2,4,9,2,1,2,0,0,210,1,R,Reliever
Kevin Brown,2001,BS,217,Dodgers,4,2,5,7,3,0,2,1,0,570,7,R,Starter
Darren Dreifort,2001,BS,219,Dodgers,3,2,5,7,2,2,1,0,1,270,6,R,Starter
Chan Ho Park,2001,BS,227,Dodgers,5,2,5,5,3,2,2,1,0,470,7,R,Starter
Jeff Shaw,2001,BS,228,Dodgers,3,4,4,5,4,0,2,1,0,170,1,R,Closer
Juan Acevedo,2001,BS,230,Brewers,2,4,4,5,4,0,2,1,0,90,1,R,Reliever
Jeff D'Amico,2001,BS,234,Brewers,3,3,3,6,5,1,2,0,0,530,7,R,Starter
Valerio de los Santos,2001,BS,235,Brewers,4,4,5,4,3,1,2,0,1,100,1,L,Reliever
Jimmy Haynes,2001,BS,238,Brewers,4,3,2,6,3,2,3,1,0,230,6,R,Starter
Curtis Leskanic,2001,BS,241,Brewers,6,2,4,5,3,3,2,1,0,160,1,R,Reliever
Dave Weathers,2001,BS,244,Brewers,5,2,3,6,4,1,3,1,0,180,1,R,Reliever
LaTroy Hawkins,2001,BS,248,Twins,5,2,3,6,4,1,3,1,0,180,1,R,Reliever
Eric Milton,2001,BS,255,Twins,3,4,5,4,4,0,1,1,1,250,6,L,Starter
Brad Radke,2001,BS,257,Twins,2,3,4,7,3,0,2,1,0,350,7,R,Starter
Mark Redman,2001,BS,258,Twins,2,3,5,4,5,0,2,1,0,280,6,L,Starter
Bob Wells,2001,BS,259,Twins,6,3,5,2,5,1,3,1,0,210,1,R,Reliever
Dustin Hermanson,2001,BS,266,Expos,2,3,2,7,4,1,2,1,0,220,6,R,Starter
Steve Kline,2001,BS,268,Expos,3,2,4,7,3,1,2,1,0,120,1,L,Reliever
Felipe Lira,2001,BS,269,Expos,2,3,2,7,4,0,3,1,0,40,1,R,Reliever
Anthony Telford,2001,BS,272,Expos,2,2,5,6,4,1,2,0,0,130,1,R,Reliever
Javier Vazquez,2001,BS,273,Expos,2,2,5,6,4,0,2,1,0,350,7,R,Starter
Armando Benitez,2001,BS,277,Mets,4,3,8,3,3,2,0,1,0,230,1,R,Closer
Mike Hampton,2001,BS,279,Mets,3,2,4,8,2,2,2,0,0,460,7,L,Starter
Al Leiter,2001,BS,281,Mets,4,4,5,5,2,1,2,1,0,460,7,L,Starter
Glendon Rusch,2001,BS,285,Mets,2,4,4,5,4,0,3,0,0,360,6,L,Starter
Turk Wendell,2001,BS,288,Mets,4,3,5,5,3,2,1,1,0,160,1,R,Reliever
Rick White,2001,BS,289,Mets,5,2,4,6,4,1,2,1,0,360,2,R,Reliever
Roger Clemens,2001,BS,292,Yankees,2,3,5,5,4,2,1,0,0,350,6,R,Starter
Jason Grimsley,2001,BS,293,Yankees,4,2,3,7,3,2,2,1,0,120,1,R,Reliever
Orlando Hernandez,2001,BS,294,Yankees,3,4,4,4,5,0,1,1,1,290,7,R,Starter
Denny Neagle,2001,BS,299,Yankees,2,4,4,4,5,1,1,1,0,280,6,L,Starter
Jeff Nelson,2001,BS,300,Yankees,6,2,6,4,3,3,1,1,0,220,1,R,Reliever
Andy Pettitte,2001,BS,302,Yankees,2,3,3,8,3,1,2,0,0,400,6,L,Starter
Mariano Rivera,2001,BS,304,Yankees,6,3,4,6,3,1,2,1,0,300,1,R,Closer
Kevin Appier,2001,BS,307,Athletics,2,4,4,5,4,1,1,1,0,310,6,R,Starter
Gil Heredia,2001,BS,313,Athletics,2,2,3,8,4,0,2,1,0,340,6,R,Starter
Tim Hudson,2001,BS,315,Athletics,3,2,5,8,2,1,1,1,0,440,6,R,Starter
Jason Isringhausen,2001,BS,316,Athletics,6,3,4,5,2,2,4,0,0,230,1,R,Closer
Jim Mecir,2001,BS,318,Athletics,4,2,5,6,3,2,2,0,0,210,1,R,Reliever
Mark Mulder,2001,BS,319,Athletics,3,2,3,7,3,1,3,1,0,240,6,L,Starter
Jeff Brantley,2001,BS,324,Phillies,5,3,5,3,3,2,3,0,1,10,1,R,Closer
Omar Daal,2001,BS,326,Phillies,1,3,3,7,4,0,2,1,0,200,6,L,Starter
Wayne Gomes,2001,BS,329,Phillies,4,3,3,7,2,2,2,1,0,120,1,R,Reliever
Vicente Padilla,2001,BS,333,Phillies,5,2,4,7,2,1,3,1,0,190,1,R,Reliever
Robert Person,2001,BS,334,Phillies,4,3,5,3,4,3,1,1,0,290,6,R,Starter
Randy Wolf,2001,BS,337,Phillies,1,4,4,5,4,1,1,1,0,160,6,L,Starter
Jimmy Anderson,2001,BS,338,Pirates,1,2,2,10,3,1,2,0,0,230,5,L,Starter
Kris Benson,2001,BS,340,Pirates,2,2,5,7,3,1,2,0,0,420,7,R,Starter
Todd Ritchie,2001,BS,347,Pirates,1,3,4,7,3,0,2,1,0,180,6,R,Starter
Scott Sauerbeck,2001,BS,348,Pirates,4,1,6,5,2,3,2,1,0,20,1,L,Reliever
Jose Silva,2001,BS,349,Pirates,1,3,4,6,4,0,3,0,0,50,1,R,Reliever
Mike Williams,2001,BS,351,Pirates,2,1,6,6,4,2,1,0,0,140,1,R,Closer
Carlos Almanzar,2001,BS,353,Padres,1,3,5,5,4,1,2,0,0,40,1,R,Reliever
Matt Clement,2001,BS,355,Padres,2,2,5,7,2,3,1,0,0,300,6,R,Starter
Adam Eaton,2001,BS,356,Padres,5,2,3,6,3,2,3,1,0,350,6,R,Starter
Trevor Hoffman,2001,BS,358,Padres,6,3,7,3,3,0,3,1,0,290,1,R,Closer
Kevin Walker,2001,BS,365,Padres,5,2,4,6,3,3,2,0,0,220,1,L,Reliever
Woody Williams,2001,BS,366,Padres,2,4,4,5,4,1,2,0,0,400,7,R,Starter
Jay Witasick,2001,BS,367,Padres,2,3,4,6,3,1,2,1,0,210,6,R,Starter
Doug Henry,2001,BS,373,Giants,2,4,5,5,3,3,0,0,0,130,1,R,Reliever
Livan Hernandez,2001,BS,374,Giants,6,2,3,6,3,1,4,1,0,480,7,R,Starter
Robb Nen,2001,BS,379,Giants,5,2,8,4,3,1,2,0,0,330,1,R,Closer
Russ Ortiz,2001,BS,380,Giants,3,3,4,5,3,2,2,1,0,190,6,R,Starter
Felix Rodriguez,2001,BS,382,Giants,4,2,7,3,4,2,2,0,0,190,1,R,Reliever
Kirk Rueter,2001,BS,383,Giants,5,3,2,5,4,1,4,1,0,320,6,L,Starter
Paul Abbott,2001,BS,385,Mariners,4,3,3,5,5,1,2,1,0,450,6,R,Starter
John Halama,2001,BS,389,Mariners,5,2,2,6,4,1,3,2,0,260,6,L,Starter
Jose Paniagua,2001,BS,395,Mariners,5,3,5,4,3,2,2,1,0,160,1,R,Reliever
Arthur Rhodes,2001,BS,396,Mariners,4,2,7,5,3,1,2,0,0,250,1,L,Reliever
Kazuhiro Sasaki,2001,BS,398,Mariners,5,2,7,4,3,2,1,1,0,240,1,R,Closer
Aaron Sele,2001,BS,399,Mariners,5,2,3,6,4,1,3,1,0,460,6,R,Starter
Rick Ankiel,2001,BS,401,Cardinals,2,3,7,4,3,2,1,0,0,340,6,L,Starter
Pat Hentgen,2001,BS,405,Cardinals,2,4,3,6,3,1,2,1,0,210,6,R,Starter
Darryl Kile,2001,BS,406,Cardinals,4,3,4,5,4,1,2,1,0,460,7,R,Starter
Garret Stephenson,2001,BS,413,Cardinals,4,3,3,5,4,1,2,2,0,260,6,R,Starter
Mike Timlin,2001,BS,415,Cardinals,2,2,5,7,3,1,2,0,0,140,1,R,Reliever
Dave Veres,2001,BS,416,Cardinals,5,2,5,6,2,2,2,1,0,190,1,R,Closer
Doug Creek,2001,BS,421,Devil Rays,2,3,8,2,4,2,0,0,1,10,1,L,Reliever
Roberto Hernandez,2001,BS,424,Devil Rays,3,2,5,6,3,1,2,1,0,120,1,R,Closer
Albie Lopez,2001,BS,426,Devil Rays,3,2,3,8,3,1,2,1,0,400,7,R,Starter
Bryan Rekar,2001,BS,429,Devil Rays,3,3,3,7,3,0,3,1,0,350,6,R,Starter
Esteban Yan,2001,BS,432,Devil Rays,3,2,5,5,4,1,1,1,1,40,2,R,Reliever
Tim Crabtree,2001,BS,436,Rangers,3,3,4,8,2,0,2,1,0,170,1,R,Reliever
Rick Helling,2001,BS,439,Rangers,6,3,3,3,5,2,2,2,0,340,6,R,Starter
Kenny Rogers,2001,BS,445,Rangers,4,2,3,7,3,1,3,1,0,390,7,L,Starter
Mike Venafro,2001,BS,446,Rangers,6,2,3,7,2,1,4,1,0,180,1,R,Reliever
John Wetteland,2001,BS,447,Rangers,1,2,5,5,5,1,2,0,0,40,1,R,Closer
Kelvim Escobar,2001,BS,451,Blue Jays,2,3,5,5,4,1,1,1,0,340,7,R,Starter
Mark Guthrie,2001,BS,455,Blue Jays,3,3,5,5,3,1,3,0,0,140,1,L,Reliever
Billy Koch,2001,BS,456,Blue Jays,5,3,4,6,3,0,3,1,0,250,1,R,Closer
Esteban Loaiza,2001,BS,457,Blue Jays,2,3,4,6,4,0,2,1,0,320,6,R,Starter
Paul Quantrill,2001,BS,460,Blue Jays,2,3,3,7,4,0,2,1,0,100,1,R,Reliever
David Wells,2001,BS,462,Blue Jays,5,2,4,5,4,0,4,1,0,460,7,L,Starter
Dustin Hermanson,2001,PR,2,Cardinals,1,3,2,7,5,1,1,1,0,190,6,R,Starter
Jamie Moyer,2001,PR,3,Mariners,2,3,4,7,3,0,2,1,0,320,6,L,Starter
Aaron Fultz,2001,PR,4,Giants,3,3,5,6,2,1,2,1,0,100,1,L,Reliever
Barry Zito,2001,PR,5,Athletics,6,3,4,4,4,2,2,1,0,560,7,L,Starter
C.C. Sabathia,2001,PR,8,Indians,3,2,4,5,3,3,2,1,0,10,5,L,Starter
Eddie Guardado,2001,PR,9,Twins,3,4,5,3,5,1,1,0,1,90,1,L,Reliever
Matt Kinney,2001,PR,10,Twins,3,2,4,5,4,3,1,1,0,190,6,R,Starter
Blake Stein,2001,PR,11,Royals,1,4,4,5,4,2,1,0,0,200,6,R,Starter
Billy Wagner,2001,PR,12,Astros,4,3,7,3,3,2,1,1,0,160,1,L,Closer
Chris Holt,2001,PR,13,Tigers,3,2,3,7,3,1,3,1,0,240,6,R,Starter
Vladimir Nunez,2001,PR,15,Marlins,3,3,4,5,3,2,2,1,0,70,2,R,Reliever
C.J. Nitkowski,2001,PR,16,Tigers,1,2,5,7,3,1,2,0,0,60,1,L,Reliever
Wade Miller,2001,PR,21,Astros,1,2,5,7,3,1,1,1,0,220,7,R,Starter
Shawn Estes,2001,PR,22,Giants,5,2,3,6,3,2,3,1,0,350,6,L,Starter
Jason Christansen,2001,PR,25,Cardinals,5,2,6,4,3,2,2,1,0,160,1,L,Reliever
Paul Shuey,2001,PR,26,Indians,3,2,6,6,3,2,1,0,0,200,1,R,Reliever
Mark Wohlers,2001,PR,27,Reds,5,3,4,4,3,4,1,1,0,90,1,R,Reliever
John Riedling,2001,PR,28,Reds,4,2,5,5,3,2,2,1,0,100,1,R,Reliever
Francisco Cordova,2001,PR,29,Pirates,1,3,4,7,3,1,1,1,0,190,6,R,Starter
Craig House,2001,PR,30,Rockies,3,2,4,5,3,5,1,0,0,10,1,R,Reliever
Scott Strickland,2001,PR,31,Expos,5,2,6,5,3,1,2,1,0,220,1,R,Reliever
Octavio Dotel,2001,PR,32,Astros,6,3,5,2,4,2,2,1,1,200,6,R,Starter
Carl Pavano,2001,PR,34,Expos,2,3,3,7,4,1,2,0,0,400,6,R,Starter
Hideki Irabu,2001,PR,36,Expos,3,3,4,5,4,0,3,1,0,320,6,R,Starter
Tom Gordon,2001,PR,37,Cubs,6,1,6,6,3,1,2,1,0,300,1,R,Closer
Rob Bell,2001,PR,41,Reds,6,2,4,4,4,2,2,1,1,190,5,R,Starter
Jason Schmidt,2001,PR,42,Pirates,2,2,4,6,4,2,1,1,0,200,6,R,Starter
Rod Beck,2001,PR,43,Red Sox,6,3,4,5,3,1,3,1,0,220,1,R,Reliever
Paul Rigdon,2001,PR,44,Brewers,4,3,3,5,5,1,2,0,1,290,5,R,Starter
Dan Miceli,2001,PR,45,Marlins,4,3,4,5,4,1,3,0,0,200,1,R,Reliever
Ricky Bones,2001,PR,46,Marlins,2,2,4,7,4,0,3,0,0,140,1,R,Reliever
Mike Hampton,2001,PR,47,Rockies,5,2,3,7,2,2,3,1,0,390,7,L,Starter
Cliff Politte,2001,PR,48,Phillies,1,3,5,5,4,2,1,0,0,130,5,R,Starter
Ramiro Mendoza,2001,PR,50,Yankees,4,2,3,7,4,0,3,1,0,290,2,R,Reliever
Mark Guthrie,2001,PR,53,Athletics,3,3,5,5,3,1,3,0,0,140,1,L,Reliever
Tony Armas Jr.,2001,PR,54,Expos,4,3,3,6,4,2,1,1,0,450,6,R,Starter
Juan Guzman,2001,PR,58,Devil Rays,4,4,4,5,3,1,2,0,1,360,7,R,Starter
Alan Embree,2001,PR,62,Giants,3,3,5,3,5,1,2,1,0,80,1,L,Reliever
Jon Garland,2001,PR,63,White Sox,2,8,3,4,2,1,1,1,0,270,6,R,Starter
Ryan Kohlmeier,2001,PR,64,Orioles,4,2,4,5,4,2,2,1,0,120,1,R,Closer
Andy Benes,2001,PR,65,Cardinals,3,2,4,5,5,1,1,1,1,160,6,R,Starter
Odalis Perez,2001,PR,68,Braves,3,2,5,6,2,2,2,1,0,150,5,L,Starter
Lance Painter,2001,PR,69,Blue Jays,3,3,4,6,3,1,2,1,0,110,1,L,Reliever
Jeff Zimmerman,2001,PR,72,Rangers,1,3,6,3,5,1,2,0,0,10,1,R,Reliever
Dennys Reyes,2001,PR,73,Reds,3,2,5,5,3,3,2,0,0,70,1,L,Reliever
Jamey Wright,2001,PR,74,Brewers,3,2,3,7,3,3,2,0,0,350,7,R,Starter
Geraldo Guzman,2001,PR,76,Diamondbacks,4,3,4,4,4,2,2,1,0,270,5,R,Starter
Eric Gagne,2001,PR,77,Dodgers,3,3,5,4,4,2,1,0,1,150,5,R,Starter
Bruce Chen,2001,PR,78,Phillies,2,4,5,3,5,1,1,1,0,300,7,L,Starter
Justin Speier,2001,PR,79,Indians,3,3,6,3,5,1,1,1,0,140,1,R,Reliever
Randy Keisler,2001,PR,80,Yankees,3,3,3,5,4,2,2,1,0,210,6,L,Starter
Jeff Nelson,2001,PR,83,Mariners,6,2,6,4,3,3,1,1,0,220,1,R,Reliever
Freddy Garcia,2001,PR,85,Mariners,3,3,4,6,3,2,1,1,0,330,6,R,Starter
Ben Sheets,2001,PR,87,Brewers,5,3,3,5,3,2,3,1,0,290,5,R,Starter
Paul Wilson,2001,PR,89,Devil Rays,3,3,3,6,4,1,2,1,0,280,5,R,Starter
Onan Masaoka,2001,PR,90,Dodgers,2,6,4,4,2,4,0,0,0,60,1,L,Reliever
Jose Rosado,2001,PR,91,Royals,4,3,4,5,4,1,2,1,0,440,6,L,Starter
A. J. Burnett,2001,PR,92,Marlins,2,3,4,6,3,2,1,1,0,190,6,R,Starter
Mike Fetters,2001,PR,94,Dodgers,4,1,5,8,2,2,2,0,0,230,1,R,Reliever
John Franco,2001,PR,96,Mets,3,2,6,7,2,1,2,0,0,200,1,L,Reliever
Armando Reynoso,2001,PR,97,Diamondbacks,2,3,3,6,5,0,2,1,0,310,6,R,Starter
Lou Pote,2001,PR,98,Angels,3,2,5,7,3,0,3,0,0,200,1,R,Reliever
Brett Tomko,2001,PR,103,Mariners,2,3,4,6,4,1,1,1,0,170,2,R,Reliever
Andy Ashby,2001,PR,107,Dodgers,2,2,3,8,4,0,2,1,0,340,6,R,Starter
Julian Tavarez,2001,PR,111,Cubs,6,2,2,8,2,2,3,1,0,500,7,R,Starter
Joey Hamilton,2001,PR,112,Blue Jays,3,4,2,6,4,1,2,1,0,280,5,R,Starter
Mike Stanton,2001,PR,116,Yankees,4,3,6,4,3,1,2,1,0,160,1,L,Reliever
Ray King,2001,PR,117,Brewers,3,3,4,7,3,2,1,0,0,210,1,L,Reliever
Matt Morris,2001,PR,120,Cardinals,5,3,3,6,3,1,3,1,0,410,5,R,Starter
Kevin Appier,2001,PR,121,Mets,3,4,4,5,3,1,2,1,0,330,6,R,Starter
Frank Castillo,2001,PR,122,Red Sox,3,4,5,4,4,1,1,1,0,420,6,R,Starter
John Smoltz,2001,PR,125,Braves,3,2,5,6,4,0,2,1,0,440,6,R,Starter
Ben Weber,2001,PR,126,Angels,2,3,4,6,4,0,2,1,0,100,1,R,Reliever
Travis Harper,2001,PR,128,Devil Rays,4,8,2,3,2,1,3,1,0,300,6,R,Starter
Ugueth Urbina,2001,PR,133,Expos,4,3,8,3,3,1,2,0,0,270,1,R,Closer
Steve Kline,2001,PR,134,Cardinals,4,2,4,6,3,1,3,1,0,110,1,L,Reliever
Tanyon Sturtze,2001,PR,135,Devil Rays,4,3,3,6,3,2,2,1,0,190,2,R,Reliever
Tomokazu Ohka,2001,PR,137,Red Sox,2,4,3,6,4,0,2,1,0,320,6,R,Starter
Kip Wells,2001,PR,139,White Sox,4,2,4,5,3,2,3,1,0,160,5,R,Starter
Shane Reynolds,2001,PR,146,Astros,1,2,4,8,3,0,2,1,0,190,6,R,Starter
Jay Powell,2001,PR,150,Astros,4,2,4,5,4,2,2,1,0,110,1,R,Reliever
Travis Miller,2001,PR,152,Twins,4,2,5,5,3,1,3,1,0,100,1,L,Reliever
Nelson Cruz,2001,PR,154,Astros,1,3,4,6,4,1,1,0,1,10,1,R,Reliever
David Wells,2001,PR,164,White Sox,5,3,4,5,3,0,4,1,0,460,7,L,Starter
Hideo Nomo,2001,PR,167,Red Sox,4,2,6,4,3,2,2,0,1,190,6,R,Starter
Ramon Ortiz,2001,PR,170,Angels,1,3,4,7,3,2,1,0,0,250,6,R,Starter
Mike Holtz,2001,PR,171,Angels,4,2,5,5,3,2,3,0,0,150,1,L,Reliever
Mike Mussina,2001,PR,173,Yankees,3,1,6,7,3,0,2,1,0,470,7,R,Starter
Ramon Ortiz,2002,BS,7,Angels,2,3,4,6,4,1,1,1,23,150,7,R,Starter
Troy Percival,2002,BS,8,Angels,5,3,8,3,4,1,1,0,27,310,1,R,Closer
Scott Schoeneweis,2002,BS,10,Angels,5,2,3,7,3,1,3,1,24,310,6,L,Starter
Jarrod Washburn,2002,BS,12,Angels,2,5,3,4,6,0,1,1,22,260,6,L,Starter
Miguel Batista,2002,BS,13,Diamondbacks,4,3,3,7,3,2,2,0,26,450,6,R,Starter
Randy Johnson,2002,BS,21,Diamondbacks,3,3,10,3,2,1,1,0,27,560,7,L,Starter
Byung-Hyun Kim,2002,BS,22,Diamondbacks,3,4,8,4,2,2,0,0,24,160,1,R,Reliever
Albie Lopez,2002,BS,23,Diamondbacks,3,4,3,6,3,1,2,1,22,180,6,R,Starter
Curt Schilling,2002,BS,24,Diamondbacks,4,3,7,4,3,0,2,1,21,400,7,R,Starter
Tom Glavine,2002,BS,28,Braves,1,3,2,8,5,1,1,0,24,260,6,L,Starter
Steve Karsay,2002,BS,32,Braves,4,1,6,7,4,0,2,0,27,230,1,R,Reliever
Greg Maddux,2002,BS,34,Braves,4,3,4,7,3,0,3,0,26,560,7,R,Starter
Jason Marquis,2002,BS,35,Braves,1,3,4,7,5,1,0,0,24,350,7,R,Starter
Mike Remlinger,2002,BS,36,Braves,2,4,8,3,4,0,1,0,23,120,1,L,Reliever
Buddy Groom,2002,BS,43,Orioles,2,4,5,7,3,0,1,0,27,140,1,L,Reliever
Jason Johnson,2002,BS,45,Orioles,2,4,3,6,4,1,1,1,21,170,6,R,Starter
B.J. Ryan,2002,BS,48,Orioles,3,3,6,5,3,2,1,0,23,100,1,L,Reliever
Josh Towers,2002,BS,49,Orioles,4,4,2,5,5,0,3,1,21,220,7,R,Starter
Rolando Arrojo,2002,BS,50,Red Sox,4,3,4,7,3,1,1,1,27,150,2,R,Reliever
Rod Beck,2002,BS,51,Red Sox,3,3,5,6,4,0,1,0,1,50,1,R,Reliever
David Cone,2002,BS,53,Red Sox,1,4,5,6,3,1,1,0,22,260,5,R,Starter
Rich Garces,2002,BS,55,Red Sox,4,3,4,6,4,1,1,1,25,120,1,R,Reliever
Derek Lowe,2002,BS,56,Red Sox,1,3,6,9,1,0,1,0,27,80,1,R,Reliever
Hideo Nomo,2002,BS,58,Red Sox,1,4,8,4,3,1,0,0,22,330,6,R,Starter
Kyle Farnsworth,2002,BS,63,Cubs,3,3,8,3,4,1,1,0,25,160,1,R,Reliever
Jeff Fassero,2002,BS,64,Cubs,5,3,6,5,3,0,2,1,26,160,1,L,Reliever
Jon Lieber,2002,BS,67,Cubs,5,3,3,6,4,0,3,1,24,420,7,R,Starter
Julian Tavarez,2002,BS,72,Cubs,4,2,3,8,2,2,2,1,26,220,6,R,Starter
Kerry Wood,2002,BS,73,Cubs,4,3,7,3,3,3,1,0,25,430,6,R,Starter
Mark Buehrle,2002,BS,75,White Sox,2,4,2,9,4,0,1,0,24,490,7,L,Starter
Keith Foulke,2002,BS,79,White Sox,4,5,6,3,4,1,1,0,27,240,1,R,Closer
Bobby Howry,2002,BS,80,White Sox,5,3,4,4,4,1,3,1,21,10,1,R,Reliever
Sean Lowe,2002,BS,84,White Sox,4,3,3,7,4,0,2,1,25,120,2,R,Reliever
Jim Brower,2002,BS,88,Reds,3,3,4,6,3,2,1,1,22,20,2,R,Reliever
Danny Graves,2002,BS,92,Reds,5,3,3,8,2,0,3,1,26,130,1,R,Closer
Chris Reitsma,2002,BS,95,Reds,3,4,2,6,4,0,2,2,22,100,6,R,Starter
Danys Baez,2002,BS,99,Indians,4,4,7,4,3,1,0,1,25,180,1,R,Reliever
Bartolo Colon,2002,BS,102,Indians,4,3,5,5,3,1,2,1,23,280,7,R,Starter
Ricardo Rincon,2002,BS,106,Indians,3,3,6,6,3,1,1,0,27,170,1,L,Reliever
C.C. Sabathia,2002,BS,107,Indians,1,4,7,3,5,1,0,0,24,340,5,L,Starter
Paul Shuey,2002,BS,108,Indians,5,1,8,5,2,1,2,1,27,110,1,R,Reliever
Bob Wickman,2002,BS,111,Indians,5,2,6,7,2,0,3,0,27,250,1,R,Closer
Shawn Chacon,2002,BS,112,Rockies,1,4,5,5,3,2,0,1,21,10,6,R,Starter
Mike Hampton,2002,BS,114,Rockies,3,2,3,7,3,1,3,1,21,30,6,L,Starter
Matt Anderson,2002,BS,121,Tigers,3,4,6,4,4,0,1,1,27,120,1,R,Closer
Steve Sparks,2002,BS,129,Tigers,4,3,3,7,3,1,2,1,25,320,7,R,Starter
Jeff Weaver,2002,BS,130,Tigers,1,5,4,6,4,0,1,0,26,330,7,R,Starter
Antonio Alfonseca,2002,BS,131,Marlins,2,2,4,9,3,0,2,0,25,100,1,R,Closer
Josh Beckett,2002,BS,132,Marlins,3,4,7,2,5,1,1,0,25,500,5,R,Starter
A.J. Burnett,2002,BS,133,Marlins,4,3,4,5,4,2,1,1,23,310,6,R,Starter
Ryan Dempster,2002,BS,135,Marlins,4,3,4,5,3,2,2,1,25,160,6,R,Starter
Braden Looper,2002,BS,138,Marlins,1,3,5,8,3,1,0,0,23,70,1,R,Reliever
Brad Penny,2002,BS,141,Marlins,3,3,4,7,4,0,1,1,27,440,7,R,Starter
Octavio Dotel,2002,BS,148,Astros,4,3,8,3,3,2,1,0,27,170,1,R,Reliever
Wade Miller,2002,BS,151,Astros,3,3,5,6,3,1,1,1,21,290,7,R,Starter
Roy Oswalt,2002,BS,152,Astros,2,3,7,6,3,0,1,0,25,510,7,R,Starter
Shane Reynolds,2002,BS,153,Astros,5,2,2,8,3,1,3,1,22,290,7,R,Starter
Roberto Hernandez,2002,BS,158,Royals,1,3,5,7,4,0,1,0,24,80,1,R,Closer
Dan Reichert,2002,BS,161,Royals,2,2,3,9,2,2,2,0,23,190,6,R,Starter
Jeff Suppan,2002,BS,162,Royals,4,3,3,6,4,1,2,1,23,310,6,R,Starter
Kris Wilson,2002,BS,164,Royals,2,3,3,7,4,0,1,1,1,20,6,R,Starter
Terry Adams,2002,BS,165,Dodgers,4,2,5,7,2,1,3,0,27,450,7,R,Starter
Chan Ho Park,2002,BS,174,Dodgers,2,4,6,5,3,2,0,0,25,400,7,R,Starter
Luke Prokopec,2002,BS,175,Dodgers,4,4,3,4,5,1,2,0,1,160,6,R,Starter
Mike DeJean,2002,BS,180,Brewers,3,3,5,6,3,2,1,0,27,110,1,R,Reliever
Chad Fox,2002,BS,181,Brewers,5,3,7,4,3,2,1,0,25,240,1,R,Reliever
Nick Neugebauer,2002,BS,185,Brewers,5,2,5,4,4,3,2,0,26,400,5,R,Starter
Ben Sheets,2002,BS,187,Brewers,2,3,3,7,4,0,2,1,21,160,6,R,Starter
Joe Mays,2002,BS,193,Twins,2,4,3,7,5,0,1,0,24,490,7,R,Starter
Eric Milton,2002,BS,195,Twins,1,6,4,3,6,0,0,1,21,220,6,L,Starter
Brad Radke,2002,BS,198,Twins,5,3,3,6,4,0,3,1,24,420,7,R,Starter
Tony Armas Jr,2002,BS,200,Expos,2,3,5,5,4,2,1,0,26,170,6,R,Starter
Graeme Lloyd,2002,BS,205,Expos,5,2,3,7,3,1,3,1,26,50,1,L,Reliever
Scott Strickland,2002,BS,206,Expos,2,4,7,4,3,2,0,0,24,90,1,R,Reliever
Mike Thurman,2002,BS,208,Expos,4,3,3,6,3,1,3,1,21,150,6,R,Starter
Javier Vazquez,2002,BS,209,Expos,3,3,6,5,4,0,1,1,24,410,7,R,Starter
Kevin Appier,2002,BS,213,Mets,1,4,5,6,4,1,0,0,24,350,6,R,Starter
Armando Benitez,2002,BS,214,Mets,2,2,9,3,5,1,0,0,21,120,1,R,Closer
John Franco,2002,BS,216,Mets,1,2,7,7,3,1,0,0,21,50,1,L,Reliever
Al Leiter,2002,BS,217,Mets,1,5,5,6,3,0,1,0,25,340,6,L,Starter
Glendon Rusch,2002,BS,220,Mets,4,3,4,4,4,0,4,1,22,150,5,L,Starter
Steve Trachsel,2002,BS,222,Mets,2,3,5,6,4,0,1,0,1,200,6,R,Starter
Roger Clemens,2002,BS,224,Yankees,5,2,6,5,3,1,2,1,26,440,7,R,Starter
Ramiro Mendoza,2002,BS,229,Yankees,2,3,5,8,3,0,1,0,25,150,2,R,Reliever
Mike Mussina,2002,BS,230,Yankees,5,3,6,5,3,0,2,1,26,570,7,R,Starter
Andy Pettitte,2002,BS,231,Yankees,5,2,5,6,3,0,3,1,27,430,6,L,Starter
Mariano Rivera,2002,BS,233,Yankees,5,2,7,7,2,0,2,0,27,300,1,R,Closer
Mike Stanton,2002,BS,235,Yankees,5,3,6,4,3,1,2,1,27,100,1,L,Reliever
Tim Hudson,2002,BS,243,Athletics,2,3,5,9,2,0,1,0,26,520,7,R,Starter
Jason Isringhausen,2002,BS,244,Athletics,5,2,7,6,3,0,1,1,27,270,1,R,Closer
Mark Mulder,2002,BS,246,Athletics,3,3,4,8,3,0,2,0,27,540,7,L,Starter
Barry Zito,2002,BS,249,Athletics,4,4,6,4,3,1,2,0,26,530,6,L,Starter
Ricky Bottalico,2002,BS,252,Phillies,2,4,5,5,4,1,0,1,21,20,1,R,Reliever
Omar Daal,2002,BS,254,Phillies,1,4,2,7,5,0,1,1,21,150,6,L,Starter
Nelson Figueroa,2002,BS,256,Phillies,3,4,3,6,3,1,2,1,25,190,6,R,Starter
Robert Person,2002,BS,258,Phillies,2,4,6,3,5,1,0,0,1,180,6,R,Starter
Randy Wolf,2002,BS,261,Phillies,3,4,5,4,4,1,1,1,25,300,6,L,Starter
Josias Manzanillo,2002,BS,264,Pirates,5,3,6,4,4,1,1,1,27,180,1,R,Reliever
Todd Ritchie,2002,BS,267,Pirates,1,3,4,7,5,0,1,0,24,340,7,R,Starter
Junior Herndon,2002,BS,274,Padres,1,3,1,9,4,1,2,0,21,160,5,R,Starter
Tevor Hoffman,2002,BS,275,Padres,2,3,7,4,5,1,0,0,21,120,1,R,Closer
Shawn Estes,2002,BS,284,Giants,5,3,3,6,3,2,2,1,27,320,6,L,Starter
Robb Nen,2002,BS,287,Giants,3,3,8,5,3,0,1,0,27,230,1,R,Closer
Russ Ortiz,2002,BS,288,Giants,4,3,4,6,4,1,2,0,27,570,7,R,Starter
Felix Rodriguez,2002,BS,289,Giants,3,3,8,3,5,1,0,0,27,210,1,R,Reliever
Kirk Rueter,2002,BS,290,Giants,4,3,2,6,4,1,3,1,22,150,6,L,Starter
Freddy Garcia,2002,BS,296,Mariners,4,3,4,7,4,0,1,1,27,570,7,R,Starter
Jamie Moyer,2002,BS,300,Mariners,2,4,3,6,6,0,1,0,23,470,6,L,Starter
Jeff Nelson,2002,BS,301,Mariners,5,2,8,4,3,3,0,0,27,260,1,R,Reliever
Arthur Rhodes,2002,BS,303,Mariners,4,2,9,5,3,0,1,0,27,280,1,L,Reliever
Kazuhiro Sasaki,2002,BS,304,Mariners,5,3,6,4,5,0,1,1,25,250,1,R,Closer
Aaron Sele,2002,BS,305,Mariners,2,4,3,6,5,0,2,0,23,370,6,R,Starter
Dustin Hermanson,2002,BS,310,Cardinals,2,4,3,6,4,1,0,1,1,30,6,R,Starter
Darryl Kile,2002,BS,311,Cardinals,1,4,5,6,4,0,1,0,25,320,7,R,Starter
Steve Kline,2002,BS,312,Cardinals,4,4,4,7,3,1,1,0,27,230,1,L,Reliever
Matt Morris,2002,BS,314,Cardinals,2,3,5,7,3,0,2,0,27,390,6,R,Starter
Bud Smith,2002,BS,319,Cardinals,3,4,4,6,4,0,1,1,21,400,6,L,Starter
Dave Veres,2002,BS,320,Cardinals,3,3,6,6,2,2,0,0,1,10,1,R,Reliever
Joe Kennedy,2002,BS,326,Devil Rays,1,4,4,5,6,0,0,1,21,220,6,R,Starter
Tanyon Sturtze,2002,BS,327,Devil Rays,1,4,3,6,5,1,1,0,23,190,7,R,Starter
Paul Wilson,2002,BS,330,Devil Rays,1,4,5,5,4,1,1,0,21,180,6,R,Starter
Esteban Yan,2002,BS,331,Devil Rays,5,2,6,5,3,0,3,1,23,100,1,R,Closer
Doug Davis,2002,BS,334,Rangers,1,5,4,6,3,0,2,0,27,220,6,L,Starter
Darren Oliver,2002,BS,337,Rangers,2,3,3,6,4,1,2,1,21,20,6,L,Starter
Mike Venafro,2002,BS,341,Rangers,1,3,3,10,3,1,0,0,27,80,1,L,Reliever
Jeff Zimmerman,2002,BS,343,Rangers,4,5,6,3,4,1,1,0,21,210,1,R,Closer
Chris Carpenter,2002,BS,344,Blue Jays,2,3,4,7,3,1,1,1,21,180,6,R,Starter
Kelvim Escobar,2002,BS,347,Blue Jays,5,3,6,5,3,1,1,1,27,180,1,R,Reliever
Billy Koch,2002,BS,351,Blue Jays,3,3,4,6,3,2,2,0,24,40,1,R,Closer
Esteban Loaiza,2002,BS,352,Blue Jays,3,3,3,6,4,0,3,1,21,150,6,R,Starter
Paul Quantrill,2002,BS,354,Blue Jays,5,2,4,8,2,0,3,1,27,110,1,R,Reliever
J.C. Romero,2002,PR,1,Twins,4,3,7,5,2,3,0,0,27,380,6,L,Starter
Robb Nen,2002,PR,2,Giants,4,3,7,5,3,0,2,0,26,250,1,R,Closer
Shigetoshi Hasegawa,2002,PR,6,Mariners,5,3,4,5,4,1,2,1,26,140,1,R,Reliever
Jose Rijo,2002,PR,10,Reds,4,2,4,8,3,1,2,0,27,290,6,R,Starter
A.J. Burnett,2002,PR,12,Marlins,4,3,4,4,5,2,2,0,24,350,6,R,Starter
Doug Davis,2002,PR,16,Rangers,1,5,4,6,3,1,1,0,23,230,6,L,Starter
Steve Woodard,2002,PR,17,Rangers,4,2,3,6,4,0,4,1,25,70,2,R,Reliever
Sun Woo Kim,2002,PR,18,Red Sox,3,4,3,5,3,1,3,1,28,20,2,R,Reliever
Juan Acevedo,2002,PR,20,Tigers,4,2,7,4,3,1,3,0,25,100,1,R,Reliever
Mariano Rivera,2002,PR,22,Yankees,5,2,7,5,4,1,1,0,26,310,1,R,Closer
Kip Wells,2002,PR,23,Pirates,2,3,4,8,2,1,1,1,25,210,6,R,Starter
Josh Fogg,2002,PR,26,Pirates,3,3,4,5,5,1,2,0,21,320,7,R,Starter
Vicente Padilla,2002,PR,29,Phillies,5,2,4,9,1,0,3,1,27,510,7,R,Starter
Ricky Stone,2002,PR,33,Astros,2,3,5,6,3,3,0,0,24,70,1,R,Reliever
Ryan Drese,2002,PR,36,Indians,3,3,4,9,1,1,1,1,28,110,2,R,Reliever
Bob Wickman,2002,PR,41,Indians,4,2,6,7,2,0,3,0,28,210,1,R,Closer
Roy Halladay,2002,PR,42,Blue Jays,5,2,4,9,2,0,2,1,27,560,7,R,Starter
Derek Lowe,2002,PR,44,Red Sox,4,4,6,5,4,0,1,0,26,460,7,R,Starter
Paul Shuey,2002,PR,46,Indians,5,1,9,5,2,0,2,1,27,160,1,R,Reliever
Nate Cornejo,2002,PR,55,Tigers,1,4,2,7,2,2,2,0,1,10,5,R,Starter
Antonio Alfonseca,2002,PR,63,Cubs,3,2,4,8,3,2,1,0,25,130,1,R,Closer
Armando Benitez,2002,PR,69,Mets,2,2,9,3,5,0,1,0,21,110,1,R,Closer
Ryan Jensen,2002,PR,71,Giants,2,3,2,6,4,3,2,0,24,10,6,R,Starter
Mike Remlinger,2002,PR,73,Braves,3,4,6,6,2,1,1,0,26,160,1,L,Reliever
Kazuhisa Ishii,2002,PR,75,Dodgers,4,3,7,5,2,3,0,0,27,380,6,L,Starter
Dave Veres,2002,PR,77,Cardinals,3,3,6,5,2,4,0,0,21,70,1,R,Reliever
Jason Grimsley,2002,PR,80,Royals,2,2,5,10,2,0,1,0,26,160,1,R,Reliever
AL Leiter,2002,PR,81,Mets,2,5,5,6,3,0,1,0,26,450,6,L,Starter
Kerry Wood,2002,PR,82,Cubs,5,2,8,3,2,4,1,0,23,480,6,R,Starter
Barry Zito,2002,PR,86,Athletics,4,3,6,4,4,0,3,0,24,510,6,L,Starter
Roger Clemens,2002,PR,91,Red Sox,4,3,7,4,3,1,2,0,24,430,7,R,Starter
John Franco,2002,PR,92,Reds,5,2,4,8,3,1,2,0,27,280,1,L,Closer
Chuck Finley,2002,PR,96,Angels,5,3,5,5,3,1,2,1,25,550,7,L,Starter
Jose Rijo,2002,PR,97,Reds,3,2,6,5,5,1,1,0,27,550,6,R,Starter
Tom Glavine,2002,PR,100,Braves,2,4,6,5,4,0,1,0,26,490,7,L,Starter
Mike Mussina,2002,PR,101,Orioles,5,2,3,5,6,0,3,1,27,550,7,R,Starter
Randy Johnson,2002,PR,107,Mariners,5,2,9,3,2,3,1,0,28,520,6,L,Starter
John Smoltz,2002,PR,109,Braves,4,3,7,4,3,0,2,1,25,420,7,R,Starter
Pedro Martinez,2002,PR,112,Expos,6,2,9,3,3,1,2,0,25,830,7,R,Starter
Curt Schilling,2002,PR,115,Phillies,5,2,8,3,2,1,3,1,24,390,8,R,Starter
Trevor Hoffman,2002,PR,121,Padres,6,3,7,2,5,1,2,0,28,350,1,L,Closer
Sidney Ponson,2002,TD,86,Orioles,1,4,3,7,4,0,1,1,22,150,6,R,Starter
Jesus Colome,2002,TD,87,Devil Rays,5,3,3,7,3,2,1,1,21,130,2,R,Reliever
Juan Cruz,2002,TD,88,Cubs,3,3,4,6,3,2,2,0,25,330,5,R,Starter
Eddie Guardado,2002,TD,89,Twins,4,4,6,3,5,1,1,0,26,220,1,L,Reliever
Jon Garland,2002,TD,90,White Sox,1,5,3,7,3,1,1,0,22,260,6,R,Starter
Denny Neagle,2002,TD,91,Rockies,2,5,4,3,5,0,1,1,1,10,6,L,Starter
Chad Durbin,2002,TD,92,Royals,3,3,3,6,4,1,2,1,22,180,6,R,Starter
Kevin Brown,2002,TD,93,Dodgers,4,3,5,8,1,1,2,0,26,530,6,R,Starter
Elmer Dessens,2002,TD,94,Reds,1,5,3,6,4,0,2,0,21,180,6,R,Starter
Eric Gagne,2002,TD,95,Dodgers,1,4,5,4,5,1,0,1,21,130,6,R,Starter
Jamey Wright,2002,TD,96,Brewers,3,3,3,7,2,2,2,1,22,70,6,R,Starter
Pedro Martinez,2002,TD,97,Red Sox,5,2,9,4,3,1,1,0,26,790,6,R,Starter
Jason Bere,2002,TD,98,Cubs,1,3,6,5,5,0,0,1,22,250,6,R,Starter
Urgueth Urbina,2002,TD,99,Red Sox,5,3,8,3,2,1,2,1,22,120,1,R,Closer
Carl Pavano,2002,TD,100,Expos,1,4,5,5,3,0,3,0,22,170,5,R,Starter
Kip Wells,2002,TD,101,Pirates,1,4,4,6,3,1,1,1,23,10,6,R,Starter
Paul Abbott,2002,TD,102,Mariners,1,4,4,5,5,2,0,0,23,260,6,R,Starter
Billy Wagner,2002,TD,103,Astros,5,3,8,4,2,1,1,1,25,220,1,L,Closer
Erik Hiljus,2002,TD,104,Athletics,2,5,6,2,5,0,2,0,24,350,6,R,Starter
Brandon Duckworth,2002,TD,105,Phillies,3,2,3,7,4,2,2,0,24,300,7,R,Starter
Ruben Quevedo,2002,TD,106,Brewers,5,5,4,2,4,2,2,1,23,290,6,R,Starter
Jimmy Anderson,2002,TD,107,Pirates,5,2,2,9,2,1,3,1,26,320,6,L,Starter
Bobby Jones,2002,TD,108,Padres,5,3,3,5,4,0,3,1,1,20,6,R,Starter
Livan Hernandez,2002,TD,109,Giants,4,2,3,6,4,1,3,1,24,150,7,R,Starter
Curtis Leskanic,2002,TD,110,Brewers,3,3,6,5,3,1,1,1,23,50,1,R,Reliever
Tom Gordon,2002,TD,111,Cubs,4,2,9,4,3,1,1,0,25,260,1,R,Closer
Jeff Austin,2002,TD,112,Royals,4,3,3,6,3,2,2,0,1,10,1,R,Reliever
Joel Pineiro,2002,TD,113,Mariners,3,4,5,5,5,1,0,0,29,620,6,R,Starter
Chad Bradford,2002,TD,114,Athletics,1,1,6,11,1,0,1,0,21,90,1,R,Reliever
Woody Williams,2002,TD,115,Cardinals,3,4,4,5,4,0,2,1,21,280,6,R,Starter
Victor Zambrano,2002,TD,116,Devil Rays,3,2,7,5,4,1,0,1,24,110,1,R,Reliever
Jose Mesa,2002,TD,117,Phillies,4,3,5,5,4,1,2,0,27,170,1,R,Closer
Roy Halladay,2002,TD,118,Blue Jays,5,2,5,8,2,0,2,1,29,560,7,R,Starter
Steve Karsay,2002,TD,119,Yankees,4,1,6,6,5,0,2,0,27,230,1,R,Reliever
Hideo Nomo,2002,TD,120,Dodgers,1,4,8,5,2,1,0,0,22,330,6,R,Starter
Jeff Farnsworth,2002,TD,121,Tigers,3,3,8,4,3,1,1,0,25,160,1,R,Reliever
Dave Weathers,2002,TD,122,Mets,4,3,4,6,4,1,2,0,28,120,1,R,Reliever
Sean Lowe,2002,TD,123,Pirates,4,3,3,7,4,0,2,1,23,120,2,R,Reliever
Mike Myers,2002,TD,124,Diamondbacks,3,3,6,6,2,1,2,0,28,90,1,L,Reliever
Jason Schmidt,2002,TD,125,Giants,4,0,4,6,4,4,1,1,27,140,6,R,Starter
Mike Williams,2002,TD,126,Pirates,5,1,5,7,2,2,1,2,24,20,1,R,Closer
Terry Adams,2002,TD,127,Phillies,4,2,5,6,3,1,3,0,27,450,7,R,Starter
Chan Ho Park,2002,TD,128,Rangers,2,4,6,4,4,2,0,0,25,400,7,R,Starter
Jeff D'Amico,2002,TD,129,Mets,4,4,2,5,4,0,2,2,1,10,5,R,Starter
Kevin Appier,2002,TD,130,Angels,1,4,5,6,4,1,0,0,22,340,6,R,Starter
Glendon Rusch,2002,TD,131,Brewers,4,3,4,3,5,0,4,1,21,150,5,L,Starter
Jason Isringhausen,2002,TD,132,Cardinals,5,2,7,6,3,0,1,1,25,260,1,R,Closer
Todd Ritchie,2002,TD,133,White Sox,1,3,4,8,4,0,1,0,25,340,6,R,Starter
Shawn Estes,2002,TD,134,Mets,5,2,3,6,4,2,2,1,27,320,6,L,Starter
Kevin Millwood,2002,TD,135,Braves,2,4,4,5,5,0,1,0,1,190,6,R,Starter
Aaron Sele,2002,TD,136,Angels,2,4,3,6,5,0,2,0,21,360,6,R,Starter
Rick Helling,2002,TD,137,Diamondbacks,3,4,4,5,3,0,1,2,1,10,6,R,Starter
Billy Koch,2002,TD,138,Athletics,3,3,4,7,2,2,2,0,24,40,1,R,Closer
Paul Quantrill,2002,TD,139,Dodgers,5,2,4,8,2,0,3,1,24,110,1,R,Reliever
Tim Spooneybarger,2002,TD,140,Braves,5,3,4,5,4,1,3,0,29,160,1,R,Reliever
Jorge Julio,2002,TD,141,Orioles,5,3,4,4,4,2,2,1,25,40,1,R,Reliever
Carlos Hernandez,2002,TD,142,Astros,4,3,4,4,4,3,2,0,23,260,6,L,Starter
Rick Ankiel,2002,TD,143,Cardinals,3,3,4,5,3,3,2,0,25,180,5,L,Starter
Scott Erickson,2002,TD,144,Orioles,1,3,2,9,4,1,1,0,23,160,6,R,Starter
Kazuhisa Ishii,2002,TD,146,Dodgers,4,3,8,4,2,2,1,0,25,290,6,L,Starter
Pedro Astacio,2002,TD,147,Mets,3,3,5,5,4,1,2,0,26,250,7,R,Starter
Satoru Komiyama,2002,TD,148,Mets,4,5,4,5,3,0,3,0,23,130,1,R,Reliever
Kurt Ainsworth,2002,TD,149,Giants,3,4,5,5,2,1,3,0,26,60,1,R,Reliever
John Smoltz,2002,TD,150,Braves,5,2,6,6,3,0,2,1,23,160,1,R,Reliever
Al Levine,2003,BS,3,Angels,2,4,0,9,2,2,1,1,1,20,1,R,Reliever
Ramon Ortiz,2003,BS,8,Angels,4,4,4,6,1,1,2,1,1,230,7,R,Starter
Troy Percival,2003,BS,10,Angels,5,3,7,3,3,3,1,23,26,240,1,R,Closer
Darren Holmes,2003,BS,11,Braves,5,2,5,6,4,2,1,22,23,240,1,R,Reliever
Jarrod Washburn,2003,BS,12,Angels,5,3,4,5,5,0,2,1,23,560,6,L,Starter
Miguel Batista,2003,BS,13,Diamondbacks,4,1,3,8,4,1,2,1,25,380,5,R,Starter
Giovanni Carrara,2003,BS,14,Dodgers,3,4,3,6,3,1,2,1,25,130,1,R,Reliever
Randy Johnson,2003,BS,19,Diamondbacks,5,1,7,5,3,1,2,1,23,550,7,L,Starter
Byung-Hyun Kim,2003,BS,20,Diamondbacks,5,2,6,6,2,3,1,23,25,230,1,R,Closer
Curt Schilling,2003,BS,22,Diamondbacks,6,2,7,5,3,0,2,1,23,680,7,R,Starter
Willis Roberts,2003,BS,25,Orioles,2,1,4,8,4,2,1,22,23,160,1,R,Reliever
Tom Glavine,2003,BS,29,Braves,3,1,3,7,5,1,2,1,24,310,6,L,Starter
Greg Maddux,2003,BS,33,Braves,4,2,3,9,2,1,2,1,25,410,6,R,Starter
Kevin Millwood,2003,BS,34,Braves,4,1,5,6,4,1,2,1,24,440,6,R,Starter
John Smoltz,2003,BS,36,Braves,5,2,6,6,2,1,2,1,26,210,1,R,Closer
Jorge Julio,2003,BS,44,Orioles,4,2,4,6,4,1,2,1,24,180,1,R,Reliever
Rodrigo Lopez,2003,BS,45,Orioles,4,3,4,6,3,1,2,1,23,420,6,R,Starter
Sidney Ponson,2003,BS,48,Orioles,3,3,4,7,2,1,2,1,21,270,6,R,Starter
John Burkett,2003,BS,50,Red Sox,1,1,4,7,4,1,2,1,22,30,6,R,Starter
Derek Lowe,2003,BS,56,Red Sox,5,2,3,10,1,1,3,21,26,580,7,R,Starter
Pedro Martinez,2003,BS,57,Red Sox,6,1,6,5,4,1,3,0,24,660,7,R,Starter
Ugueth Urbina,2003,BS,61,Red Sox,5,3,7,3,4,1,1,1,22,210,1,R,Closer
Matt Clement,2003,BS,66,Cubs,4,3,6,6,1,1,2,1,25,470,7,R,Starter
Jon Lieber,2003,BS,70,Cubs,4,4,3,7,2,0,3,1,23,350,7,R,Starter
Mark Prior,2003,BS,74,Cubs,4,2,6,4,4,1,2,1,22,440,6,R,Starter
Mark Buehrle,2003,BS,76,White Sox,4,2,3,8,3,1,2,1,23,400,7,L,Starter
Jon Garland,2003,BS,77,White Sox,2,1,4,7,4,1,2,1,23,190,6,R,Starter
Dan Wright,2003,BS,83,White Sox,2,2,4,6,4,1,2,1,21,150,6,R,Starter
Elmer Dessens,2003,BS,86,Reds,4,3,3,7,3,1,2,1,21,290,6,R,Starter
Danny Graves,2003,BS,88,Reds,4,3,3,9,1,3,1,23,25,170,1,R,Closer
Joey Hamilton,2003,BS,89,Reds,1,1,4,8,3,1,2,1,25,180,3,R,Reliever
Jimmy Haynes,2003,BS,90,Reds,2,2,3,7,4,1,2,1,23,170,6,R,Starter
Danys Baez,2003,BS,96,Indians,2,1,4,6,5,1,3,21,24,210,5,R,Starter
C. C. Sabathia,2003,BS,103,Indians,3,3,4,7,2,1,2,1,24,290,6,L,Starter
Bob Wickman,2003,BS,107,Indians,2,2,5,7,2,1,2,1,25,90,1,R,Reliever
Mike Hampton,2003,BS,109,Rockies,1,3,2,8,2,1,3,1,23,10,6,L,Starter
Jose Jimenez,2003,BS,111,Rockies,4,1,3,10,3,0,2,1,23,170,1,R,Closer
Denny Neagle,2003,BS,112,Rockies,3,5,3,6,2,1,2,1,21,260,5,L,Starter
Juan Acevedo,2003,BS,118,Tigers,4,2,3,7,3,2,2,1,26,130,1,R,Reliever
Mark Redman,2003,BS,124,Tigers,3,1,2,7,6,1,2,1,25,300,7,L,Starter
Steve Sparks,2003,BS,126,Tigers,1,3,3,7,3,1,2,1,23,30,6,R,Starter
A. J. Burnett,2003,BS,128,Marlins,4,2,5,6,3,1,3,21,25,480,7,R,Starter
Vladimir Nunez,2003,BS,135,Marlins,4,4,4,5,3,1,2,1,24,170,1,R,Reliever
Billy Wagner,2003,BS,145,Astros,5,1,7,5,4,2,1,22,23,260,1,L,Closer
Paul Byrd,2003,BS,147,Royals,5,1,3,6,6,1,2,1,22,420,7,R,Starter
Eric Gagne,2003,BS,155,Dodgers,6,2,8,4,3,1,1,1,24,260,1,R,Closer
Kazuhisha Ishii,2003,BS,159,Dodgers,1,3,5,6,2,3,1,22,23,160,6,L,Starter
Hideo Nomo,2003,BS,164,Dodgers,3,1,5,5,5,1,2,1,23,310,6,R,Starter
Jesse Orosco,2003,BS,165,Dodgers,4,5,4,5,2,1,2,1,21,160,1,L,Reliever
Odalis Perez,2003,BS,166,Dodgers,5,4,4,7,2,1,1,1,23,590,7,L,Starter
Mike Dejean,2003,BS,167,Brewers,2,2,4,7,3,3,1,22,24,120,1,R,Reliever
Ben Sheets,2003,BS,172,Brewers,2,1,4,7,4,1,2,1,24,150,6,R,Starter
Eddie Guardado,2003,BS,174,Twins,5,4,5,4,3,1,2,1,22,200,1,L,Closer
Eric Milton,2003,BS,180,Twins,4,2,3,5,6,1,2,1,21,350,6,L,Starter
Tomo Ohka,2003,BS,186,Expos,4,4,3,7,2,1,2,1,23,380,6,R,Starter
Javier Vazquez,2003,BS,188,Expos,4,1,4,6,5,1,2,1,23,360,7,R,Starter
Pedro Astacio,2003,BS,193,Mets,3,3,4,6,3,1,2,1,21,280,6,R,Starter
Armando Benitez,2003,BS,194,Mets,5,2,6,4,4,1,2,1,21,210,1,R,Closer
Al Leiter,2003,BS,196,Mets,4,3,5,6,2,1,2,1,23,410,6,L,Starter
Steve Trachsel,2003,BS,200,Mets,3,1,3,7,5,3,1,22,24,320,6,R,Starter
Roger Clemens,2003,BS,202,Yankees,3,2,5,6,3,1,2,1,24,300,6,R,Starter
Steve Karsay,2003,BS,206,Yankees,3,1,4,8,3,1,2,1,25,170,1,R,Reliever
Mike Mussina,2003,BS,207,Yankees,4,1,4,6,5,1,2,1,21,390,6,R,Starter
Mariano Rivera,2003,BS,209,Yankees,5,1,5,7,3,3,1,23,26,230,1,R,Closer
Mike Stanton,2003,BS,211,Yankees,3,3,3,6,4,1,2,1,26,140,1,L,Reliever
Jeff Weaver,2003,BS,213,Yankees,4,4,3,7,2,1,2,1,24,400,6,R,Starter
Tim Hudson,2003,BS,219,Athletics,3,2,4,8,2,1,3,21,24,330,7,R,Starter
Billy Koch,2003,BS,220,Athletics,4,0,5,6,5,3,1,22,24,200,1,R,Closer
Mark Mulder,2003,BS,222,Athletics,5,1,4,7,4,1,2,1,23,500,7,L,Starter
Barry Zito,2003,BS,224,Athletics,5,2,4,5,6,2,1,22,23,610,7,L,Starter
Brandon Duckworth,2003,BS,228,Phillies,2,2,6,5,3,1,2,1,21,170,5,R,Starter
Jose Mesa,2003,BS,232,Phillies,2,3,5,6,2,1,2,1,25,110,1,R,Closer
Vincente Padilla,2003,BS,233,Phillies,4,3,3,8,2,1,2,1,24,440,7,R,Starter
Josh Fogg,2003,BS,236,Pirates,2,3,4,7,2,1,2,1,22,160,6,R,Starter
Kip Wells,2003,BS,240,Pirates,2,2,4,8,2,1,2,1,23,200,6,R,Starter
Mike Williams,2003,BS,241,Pirates,5,3,4,7,2,1,2,1,24,220,1,R,Closer
Trevor Hoffman,2003,BS,245,Padres,5,3,7,4,2,1,3,23,26,230,1,R,Closer
Brian Lawrence,2003,BS,248,Padres,3,1,3,8,3,1,3,1,25,210,6,R,Starter
Kurt Ainsworth,2003,BS,250,Giants,2,2,3,7,4,1,3,22,26,250,5,R,Starter
Ryan Jensen,2003,BS,253,Giants,2,2,3,6,5,1,2,1,23,160,5,R,Starter
Robb Nen,2003,BS,255,Giants,5,1,6,6,3,1,3,23,27,230,1,R,Closer
Freddy Garcia,2003,BS,263,Mariners,4,2,4,6,3,1,3,1,22,250,7,R,Starter
Jamie Moyer,2003,BS,266,Mariners,5,2,4,5,5,1,2,1,22,540,7,L,Starter
Joel Pineiro,2003,BS,268,Mariners,4,1,4,7,4,1,2,1,23,300,5,R,Starter
Kazuhiro Sasaki,2003,BS,269,Mariners,6,2,7,5,3,2,1,22,23,270,1,R,Closer
Jason Isringhausen,2003,BS,275,Cardinals,5,1,6,7,2,1,3,23,28,230,1,R,Closer
Matt Morris,2003,BS,276,Cardinals,4,3,4,8,1,1,3,21,25,420,7,R,Starter
Jason Simontacchi,2003,BS,280,Cardinals,2,4,3,6,3,1,2,1,23,160,6,R,Starter
Joe Kennedy,2003,BS,286,Devil Rays,2,4,3,6,3,1,2,1,23,190,7,L,Starter
Tanyon Sturtze,2003,BS,287,Devil Rays,1,5,3,6,2,1,2,1,22,10,7,R,Starter
Paul Wilson,2003,BS,288,Devil Rays,2,2,3,7,4,1,2,1,21,120,7,R,Starter
Hideki Irabu,2003,BS,291,Rangers,2,1,3,8,3,1,2,1,1,10,1,R,Reliever
Kenny Rogers,2003,BS,296,Rangers,3,2,3,8,3,1,2,1,23,270,6,L,Starter
Ismael Valdes,2003,BS,297,Rangers,4,1,3,6,6,1,2,1,22,380,6,R,Starter
Kelvim Escobar,2003,BS,301,Blue Jays,1,3,6,5,2,3,1,22,23,80,1,R,Closer
Roy Halladay,2003,BS,302,Blue Jays,4,2,4,9,1,1,3,22,26,460,7,R,Starter
Josh Beckett,2003,PR,1,Marlins,2,0,6,6,4,1,2,1,22,80,5,R,Starter
Jeremy Bonderman,2003,PR,2,Tigers,1,1,5,7,3,1,2,1,23,10,5,R,Starter
Scott Sullivan,2003,PR,6,Reds,4,2,5,4,5,1,2,1,21,150,1,R,Reliever
John Thomson,2003,PR,7,Rangers,4,1,4,7,4,1,2,1,25,150,6,R,Starter
Lance Carter,2003,PR,8,Devil Rays,5,3,3,5,5,1,1,2,23,160,1,R,Closer
Terry Mulholland,2003,PR,9,Indians,1,3,2,8,3,1,2,1,23,30,1,L,Reliever
Jake Westbrook,2003,PR,10,Indians,2,1,2,10,3,1,2,1,24,30,5,R,Starter
Chris George,2003,PR,11,Royals,3,3,3,9,2,1,2,22,23,160,5,L,Starter
Jake Peavy,2003,PR,12,Padres,3,3,5,4,3,1,2,2,21,40,6,R,Starter
Felix Rodriguez,2003,PR,13,Giants,1,2,5,4,4,2,2,1,23,40,1,R,Reliever
Rocky Biddle,2003,PR,16,Expos,4,1,5,7,3,2,1,1,23,170,1,R,Closer
Brandon Lyon,2003,PR,17,Red Sox,4,4,4,5,3,1,2,1,23,170,1,R,Closer
Roberto Hernandez,2003,PR,18,Braves,2,2,5,7,2,2,1,1,24,80,1,R,Reliever
Carlos Silva,2003,PR,19,Phillies,2,3,3,8,2,1,2,1,23,80,1,R,Reliever
Chris Hammond,2003,PR,20,Yankees,3,2,4,6,4,1,2,1,24,90,1,L,Reliever
R.A. Dickey,2003,PR,23,Rangers,2,1,6,6,3,1,2,1,25,120,2,R,Reliever
Cliff Politte,2003,PR,24,Blue Jays,4,4,5,4,4,1,2,22,24,100,1,R,Closer
Russ Springer,2003,PR,25,Cardinals,5,1,3,4,8,1,1,2,25,100,1,R,Reliever
Kirk Rueter,2003,PR,26,Giants,3,1,2,8,5,1,2,1,21,170,6,L,Starter
Scott Williamson,2003,PR,28,Reds,2,2,7,5,3,1,1,1,21,110,1,R,Closer
Ryan Franklin,2003,PR,29,Mariners,2,2,2,6,7,1,1,1,22,120,6,R,Starter
Joe Beimel,2003,PR,32,Pirates,3,2,5,8,2,1,2,22,23,130,1,L,Reliever
Scott Schoeneweis,2003,PR,33,Angels,4,1,4,9,2,1,2,1,24,220,2,L,Reliever
John Halama,2003,PR,34,Athletics,3,3,3,8,2,1,2,1,22,130,5,L,Starter
Mike MacDougal,2003,PR,38,Royals,2,2,4,8,2,2,2,22,23,150,1,R,Closer
Kris Benson,2003,PR,39,Pirates,3,3,4,5,4,1,2,1,23,150,6,R,Starter
Francisco Cordero,2003,PR,40,Rangers,3,1,7,6,3,1,2,22,23,180,1,R,Reliever
Tom Gordon,2003,PR,41,White Sox,4,3,7,5,1,2,1,1,23,180,1,R,Reliever
Chad Bradford,2003,PR,43,Athletics,5,0,4,9,2,2,2,1,24,190,1,R,Reliever
Mike Timlin,2003,PR,46,Red Sox,5,2,2,9,4,0,2,1,23,190,1,R,Reliever
D.J. Carrasco,2003,PR,47,Royals,5,1,5,6,4,1,2,1,21,200,1,R,Reliever
Ricardo Rodriguez,2003,PR,51,Indians,4,2,3,8,3,1,2,1,24,210,6,R,Starter
B.J. Ryan,2003,PR,52,Orioles,4,1,7,7,1,2,2,23,26,210,1,L,Reliever
Rheal Cormier,2003,PR,54,Phillies,5,1,4,7,4,1,2,1,21,210,1,L,Reliever
Felix Heredia,2003,PR,55,Reds,5,1,2,8,5,2,1,1,26,210,2,L,Reliever
Ted Lilly,2003,PR,58,Athletics,4,5,4,5,2,1,2,1,26,220,6,L,Starter
Jeff D'Amico,2003,PR,60,Pirates,4,2,3,7,4,1,2,1,22,230,6,R,Starter
Adam Eaton,2003,PR,61,Padres,4,0,6,7,4,1,1,1,26,240,6,R,Starter
Travis Harper,2003,PR,62,Devil Rays,5,2,5,7,3,1,2,23,26,290,2,R,Reliever
Ricky Stone,2003,PR,64,Astros,4,1,3,9,3,1,3,22,23,250,1,R,Reliever
Livan Hernandez,2003,PR,67,Expos,4,0,3,8,5,1,2,1,24,260,7,R,Starter
Paul Quantrill,2003,PR,68,Dodgers,4,1,6,9,2,1,1,23,26,260,1,R,Reliever
Shawn Estes,2003,PR,70,Cubs,1,2,3,9,1,1,3,1,23,10,5,L,Starter
Jason Johnson,2003,PR,74,Orioles,4,0,4,8,4,1,2,1,23,300,6,R,Starter
Shawn Chacon,2003,PR,76,Rockies,5,3,3,7,2,2,2,1,24,320,6,R,Starter
Kyle Lohse,2003,PR,82,Twins,5,2,4,5,5,1,2,1,23,340,6,R,Starter
Gil Meche,2003,PR,84,Mariners,4,5,5,5,2,1,2,21,22,360,6,R,Starter
Zach Day,2003,PR,87,Expos,4,2,3,11,1,1,2,22,23,390,6,R,Starter
Mark Redman,2003,PR,88,Marlins,5,3,5,6,2,1,2,1,24,400,7,L,Starter
Jason Schmidt,2003,PR,94,Giants,5,3,7,4,3,0,2,1,22,460,7,R,Starter
Esteban Loaiza,2003,PR,101,White Sox,5,1,5,7,4,1,2,23,25,610,7,R,Starter
Kevin Appier,2003,PR,105,Angels,1,4,3,5,3,1,2,2,25,10,5,R,Starter
Jesse Orosco,2003,PR,106,Mets,5,6,5,6,0,1,2,22,24,240,1,L,Closer
Pat Hentgen,2003,PR,107,Blue Jays,4,1,4,6,5,1,2,1,24,350,8,R,Starter
David Cone,2003,PR,109,Royals,5,4,4,6,2,1,2,1,23,430,7,R,Starter
Greg Maddux,2003,PR,112,Cubs,5,1,4,8,3,1,2,1,24,580,8,R,Starter
Kevin Brown,2003,PR,113,Marlins,6,0,4,10,2,1,3,21,23,640,7,R,Starter
Hoyt Wilhelm,2003,PR,118,Dodgers,6,2,6,6,3,1,2,21,28,350,2,R,Reliever
Nolan Ryan,2003,PR,125,Astros,5,1,9,1,5,3,1,21,22,730,8,R,Starter
Ryan Drese,2003,TD,2,Rangers,1,2,4,6,4,1,2,1,24,10,5,R,Starter
Mike Hampton,2003,TD,3,Braves,1,3,2,8,2,1,3,1,23,10,6,L,Starter
Steve Sparks,2003,TD,5,Tigers,1,1,3,8,4,1,2,1,21,10,6,R,Starter
Chan Ho Park,2003,TD,6,Rangers,1,3,4,6,2,2,2,1,24,20,6,R,Starter
Antonio Osuna,2003,TD,8,Yankees,3,4,5,6,1,2,2,21,23,140,1,R,Reliever
Ryan Dempster,2003,TD,9,Reds,1,2,5,6,3,2,1,1,27,40,6,R,Starter
Jesse Orosco,2003,TD,10,Padres,4,4,4,5,3,1,2,1,23,160,1,L,Reliever
Matt Mantei,2003,TD,13,Diamondbacks,2,3,5,4,4,1,2,1,22,80,1,R,Reliever
Antonio Alfonseca,2003,TD,17,Cubs,2,2,4,8,1,1,3,1,23,90,1,R,Closer
Albie Lopez,2003,TD,22,Royals,2,2,4,7,2,1,3,1,25,110,2,R,Reliever
Aaron Sele,2003,TD,23,Angels,2,2,3,7,4,1,2,1,23,120,6,R,Starter
Shigetoshi Hasegawa,2003,TD,25,Mariners,3,3,3,7,3,1,2,1,23,130,1,R,Reliever
Steve Kline,2003,TD,26,Cardinals,3,1,4,7,3,2,2,1,23,90,1,L,Reliever
Ramiro Mendoza,2003,TD,27,Red Sox,4,0,3,8,4,1,3,1,24,140,1,R,Reliever
Mike Stanton,2003,TD,28,Mets,3,1,3,6,5,1,3,1,21,130,1,L,Reliever
Carlos Zambrano,2003,TD,29,Cubs,2,1,5,8,2,2,1,1,22,130,5,R,Starter
Glendon Rusch,2003,TD,34,Brewers,2,3,4,7,2,1,2,1,23,140,6,L,Starter
Ray King,2003,TD,37,Braves,3,1,4,8,4,1,2,22,24,150,1,L,Reliever
J. C. Romero,2003,TD,43,Twins,4,1,5,7,2,2,2,1,23,150,1,L,Reliever
Paul Shuey,2003,TD,44,Dodgers,4,2,5,8,1,1,2,1,23,170,1,R,Reliever
Runelvys Hernandez,2003,TD,46,Royals,3,3,3,9,1,1,2,1,21,180,5,R,Starter
Braden Looper,2003,TD,47,Marlins,2,1,4,7,4,1,1,2,23,60,1,R,Reliever
Billy Koch,2003,TD,51,White Sox,4,3,5,6,2,2,2,23,25,190,1,R,Closer
Brandon Villafuerte,2003,TD,52,Padres,3,0,4,9,3,1,2,1,23,170,2,R,Reliever
Ricardo Rincon,2003,TD,53,Athletics,5,2,5,6,3,1,2,1,26,190,1,L,Reliever
Ugueth Urbina,2003,TD,57,Rangers,5,3,7,3,4,1,1,1,21,210,1,R,Closer
Luis Vizcaino,2003,TD,58,Brewers,5,3,5,4,5,1,1,1,23,210,1,R,Reliever
Ben Weber,2003,TD,59,Angels,4,0,3,10,2,1,4,21,22,210,1,R,Reliever
Kerry Wood,2003,TD,60,Cubs,3,2,6,5,3,1,2,1,23,210,6,R,Starter
Tim Worrell,2003,TD,61,Giants,5,4,4,5,3,1,2,1,26,210,1,R,Reliever
Brian Anderson,2003,TD,65,Indians,2,1,3,7,6,1,1,1,25,220,5,L,Starter
Keith Foulke,2003,TD,68,Athletics,5,1,5,6,5,1,2,21,22,230,1,R,Reliever
Latroy Hawkins,2003,TD,69,Twins,5,3,5,7,2,1,1,1,21,230,1,R,Reliever
Mike Remlinger,2003,TD,70,Cubs,5,2,6,6,3,1,2,22,24,230,1,L,Reliever
Buddy Groom,2003,TD,72,Orioles,5,3,4,8,2,1,2,23,26,240,1,L,Reliever
Francisco Rodriguez,2003,TD,74,Angels,5,2,9,4,1,2,2,22,23,250,1,R,Reliever
Casey Fossum,2003,TD,78,Red Sox,3,2,5,6,3,1,2,1,25,260,6,L,Starter
Elmer Dessens,2003,TD,83,Diamondbacks,3,4,3,8,1,1,2,1,22,270,6,R,Starter
Arthur Rhodes,2003,TD,84,Mariners,6,1,7,6,3,1,2,22,23,270,1,L,Reliever
Octavio Dotel,2003,TD,89,Astros,6,1,7,4,5,1,2,23,26,280,1,R,Reliever
Kevin Brown,2003,TD,92,Dodgers,3,3,5,7,1,2,1,1,21,280,6,R,Starter
John Patterson,2003,TD,93,Diamondbacks,4,1,6,3,6,1,2,1,24,290,5,R,Starter
Andy Pettitte,2003,TD,94,Yankees,3,1,4,7,4,1,2,1,25,300,6,L,Starter
Damian Moss,2003,TD,99,Giants,3,3,3,6,4,2,1,1,24,320,5,L,Starter
Russ Ortiz,2003,TD,100,Braves,3,4,3,7,2,1,2,1,22,320,6,R,Starter
Tom Glavine,2003,TD,102,Mets,3,4,3,7,3,1,1,1,25,330,7,L,Starter
Brad Radke,2003,TD,104,Twins,4,1,3,7,5,1,2,1,25,340,6,R,Starter
Jose Contreras,2003,TD,106,Yankees,4,1,7,4,4,1,1,2,24,350,6,R,Starter
Josh Beckett,2003,TD,107,Marlins,4,2,6,5,3,1,2,1,23,370,6,R,Starter
Johan Santana,2003,TD,108,Twins,3,2,6,5,4,1,2,23,25,220,2,L,Reliever
Omar Daal,2003,TD,113,Orioles,4,1,4,6,5,1,2,1,24,380,7,L,Starter
David Wells,2003,TD,114,Yankees,4,2,4,6,4,1,2,1,21,360,7,L,Starter
Wade Miller,2003,TD,115,Astros,4,0,5,6,5,1,2,1,22,390,7,R,Starter
Bartolo Colon,2003,TD,116,White Sox,4,1,4,7,4,2,1,1,22,420,7,R,Starter
Roy Oswalt,2003,TD,119,Astros,4,2,5,6,3,1,2,1,24,400,7,R,Starter
Orlando Hernandez,2003,TD,120,Expos,5,4,4,5,3,1,2,1,24,430,6,R,Starter
Tim Wakefield,2003,TD,122,Red Sox,5,4,4,6,2,1,2,1,22,440,5,R,Starter
Woody Williams,2003,TD,124,Cardinals,5,1,4,6,5,1,3,22,24,450,6,R,Starter
Randy Wolf,2003,TD,126,Phillies,5,1,4,6,5,1,2,1,25,500,7,L,Starter
Kevin Millwood,2003,TD,127,Phillies,5,2,4,6,3,2,2,1,24,470,6,R,Starter
Kazuhiro Sasaki,2003,TD,132,Mariners,5,3,7,4,2,2,1,1,23,210,1,R,Closer
Jason Jennings,2003,TD,133,Rockies,3,3,4,7,3,1,1,1,26,310,7,R,Starter
Kerry Wood,2003,TD,140,Cubs,4,2,8,4,1,2,2,1,21,420,6,R,Starter
C.C. Sabathia,2004,BS,3,Indians,3,2,4,6,3,2,2,1,25,270,7,L,Starter
Ramon Ortiz,2004,BS,6,Angels,2,3,3,6,4,1,2,1,24,40,6,R,Starter
Greg Maddux,2004,BS,8,Braves,4,1,3,9,4,0,2,1,25,350,6,R,Starter
Scot Shields,2004,BS,9,Angels,4,3,4,7,2,1,2,1,26,320,5,R,Starter
Jarrod Washburn,2004,BS,11,Angels,4,4,3,5,4,0,2,2,23,200,6,L,Starter
Elmer Dessens,2004,BS,14,Diamondbacks,1,1,3,8,4,1,2,1,25,10,5,R,Starter
Curt Schilling,2004,BS,21,Diamondbacks,4,1,6,5,5,1,2,21,25,650,7,R,Starter
Ray King,2004,BS,28,Braves,4,3,4,8,2,1,2,24,27,190,1,L,Reliever
Russ Ortiz,2004,BS,31,Braves,3,4,4,6,2,1,2,1,26,290,6,R,Starter
Travis Driskill,2004,BS,35,Orioles,2,2,4,7,3,1,2,1,24,60,2,R,Reliever
Pat Hentgen,2004,BS,38,Orioles,3,1,3,6,5,2,2,1,24,210,6,R,Starter
Jorge Julio,2004,BS,39,Orioles,2,2,5,6,5,2,21,23,24,70,1,R,Closer
Rodrigo Lopez,2004,BS,40,Orioles,1,3,4,7,2,1,2,1,24,10,6,R,Starter
Alan Embree,2004,BS,46,Red Sox,4,2,5,6,3,1,2,1,25,150,1,L,Reliever
Byung-Hyun Kim,2004,BS,48,Red Sox,4,3,5,7,2,1,2,23,26,190,1,R,Closer
Derek Lowe,2004,BS,49,Red Sox,2,2,3,10,1,1,2,1,26,110,6,R,Starter
Pedro Martinez,2004,BS,50,Red Sox,5,2,6,6,3,0,2,1,27,510,7,R,Starter
Tim Wakefield,2004,BS,56,Red Sox,3,4,4,6,2,1,2,1,25,250,6,R,Starter
Antonio Alfonseca,2004,BS,58,Cubs,1,1,4,9,2,2,2,23,25,40,1,R,Reliever
Mark Prior,2004,BS,68,Cubs,5,2,8,4,4,1,1,21,26,670,7,R,Starter
Mike Remlinger,2004,BS,70,Cubs,3,3,6,5,2,2,2,22,24,140,1,L,Reliever
Kerry Wood,2004,BS,72,Cubs,4,0,7,5,4,2,1,1,24,410,7,R,Starter
Carlos Zambrano,2004,BS,73,Cubs,3,1,4,8,3,1,2,1,27,330,7,R,Starter
Mark Buehrle,2004,BS,74,White Sox,3,2,3,8,3,1,2,1,25,410,7,L,Starter
Bartolo Colon,2004,BS,75,White Sox,4,4,4,6,2,1,2,1,24,380,8,R,Starter
Tom Gordon,2004,BS,77,White Sox,4,3,7,6,1,1,2,24,27,200,1,R,Closer
Damaso Marte,2004,BS,80,White Sox,5,0,6,4,5,2,2,1,27,200,1,L,Reliever
Danny Graves,2004,BS,88,Reds,2,1,1,8,5,1,2,2,23,10,6,R,Starter
Chris Reitsma,2004,BS,94,Reds,3,1,3,8,3,1,2,2,23,30,1,R,Closer
Paul Wilson,2004,BS,96,Reds,2,1,3,7,5,1,2,1,24,50,6,R,Starter
Danys Baez,2004,BS,97,Indians,5,4,5,5,2,1,2,1,24,190,1,R,Closer
Jason Boyd,2004,BS,100,Indians,4,3,3,7,2,2,2,1,26,160,1,R,Reliever
Terry Mulholland,2004,BS,108,Indians,2,2,2,8,4,1,2,1,24,80,2,L,Reliever
C. C. Sabathia,2004,BS,109,Indians,3,2,4,6,3,2,2,1,25,270,7,L,Starter
Shawn Chacon,2004,BS,112,Rockies,3,2,4,6,5,1,2,23,26,260,6,R,Starter
Darren Oliver,2004,BS,115,Rockies,2,2,3,8,3,1,2,1,25,50,5,L,Starter
Justin Speier,2004,BS,117,Rockies,3,1,5,5,5,1,2,1,24,110,1,R,Closer
Jeremy Bonderman,2004,BS,121,Tigers,1,1,4,7,4,0,3,1,24,10,5,R,Starter
Wilfredo Ledezma,2004,BS,125,Tigers,1,2,3,5,6,1,2,1,24,40,2,L,Reliever
Chris Mears,2004,BS,126,Tigers,1,1,3,8,4,1,2,1,25,10,1,R,Reliever
Josh Beckett,2004,BS,132,Marlins,5,3,6,6,1,1,2,1,27,440,6,R,Starter
Braden Looper,2004,BS,138,Marlins,3,2,4,8,2,1,2,1,27,120,1,R,Closer
Mark Redman,2004,BS,141,Marlins,4,2,4,6,4,1,2,1,26,420,7,L,Starter
Tim Spooneybarger,2004,BS,143,Marlins,6,2,4,10,1,1,2,24,28,270,1,R,Reliever
Dontrelle Willis,2004,BS,144,Marlins,3,1,5,6,4,1,2,1,26,240,6,L,Starter
Octavio Dotel,2004,BS,150,Astros,6,3,7,5,3,1,1,22,24,300,1,R,Reliever
Brad Lidge,2004,BS,155,Astros,5,1,6,4,5,1,2,1,26,180,1,R,Reliever
Roy Oswalt,2004,BS,156,Astros,2,3,5,7,3,1,1,21,24,340,6,R,Starter
Jeriome Robertson,2004,BS,157,Astros,5,2,4,4,2,2,3,1,2,10,5,L,Starter
Billy Wagner,2004,BS,158,Astros,6,1,7,5,4,1,2,23,25,270,1,L,Closer
Jason Grimsley,2004,BS,161,Royals,1,2,4,9,1,1,2,1,26,10,1,R,Reliever
Runelvys Hernandez,2004,BS,163,Royals,3,3,3,7,3,1,2,1,25,220,6,R,Starter
Curtis Leskanic,2004,BS,165,Royals,5,1,5,7,4,1,1,1,27,220,1,R,Reliever
Jose Lima,2004,BS,166,Royals,2,3,2,6,4,2,2,1,25,60,5,R,Starter
Mike MacDougal,2004,BS,167,Royals,4,1,4,6,3,3,3,21,27,90,1,R,Closer
Kevin Brown,2004,BS,174,Dodgers,5,1,5,9,2,1,2,24,27,630,7,R,Starter
Eric Gagne,2004,BS,177,Dodgers,6,1,10,5,2,1,1,25,28,310,1,R,Closer
Hideo Nomo,2004,BS,183,Dodgers,2,4,5,6,3,1,1,22,24,370,7,R,Starter
Paul Quantrill,2004,BS,184,Dodgers,5,3,3,9,1,1,2,1,28,210,1,R,Reliever
Brooks Kieschnick,2004,BS,190,Brewers,1,2,4,8,2,1,2,1,26,10,1,R,Reliever
Ben Sheets,2004,BS,194,Brewers,4,2,4,7,3,1,2,1,24,310,6,R,Starter
LaTroy Hawkins,2004,BS,198,Twins,5,2,5,5,4,1,2,1,27,200,1,R,Reliever
Brad Radke,2004,BS,204,Twins,3,2,4,7,4,0,2,1,24,200,6,R,Starter
Zach Day,2004,BS,209,Expos,2,1,2,10,3,1,2,1,27,90,6,R,Starter
Javier Vazquez,2004,BS,212,Expos,5,1,6,5,4,1,2,1,24,560,7,R,Starter
John Franco,2004,BS,217,Mets,2,2,3,10,2,1,2,22,24,90,1,L,Reliever
Steve Trachsel,2004,BS,223,Mets,3,1,3,6,6,1,2,1,24,190,6,R,Starter
Dave Weathers,2004,BS,224,Mets,2,1,5,7,3,1,2,1,26,80,1,R,0
Roger Clemens,2004,BS,226,Yankees,5,2,6,6,3,1,2,22,24,520,7,R,Starter
Chris Hammond,2004,BS,227,Yankees,4,4,4,5,3,1,2,1,26,150,1,L,Reliever
Mike Mussina,2004,BS,231,Yankees,5,1,5,6,4,1,2,1,25,510,7,R,Starter
Andy Pettitte,2004,BS,232,Yankees,5,2,5,7,1,2,2,1,25,330,7,L,Starter
Mariano Rivera,2004,BS,234,Yankees,5,2,5,8,1,1,3,24,27,220,1,R,Closer
Jeff Weaver,2004,BS,236,Yankees,1,4,3,7,2,1,2,1,26,10,5,R,Starter
Chad Bradford,2004,BS,239,Athletics,3,2,4,9,1,1,2,1,25,120,1,R,Reliever
Keith Foulke,2004,BS,242,Athletics,6,3,6,4,4,0,2,1,24,240,1,R,Closer
Tim Hudson,2004,BS,245,Athletics,5,1,4,9,3,1,2,23,26,640,8,R,Starter
Mark Mulder,2004,BS,247,Athletics,4,1,4,8,3,1,2,1,26,390,7,L,Starter
Ricardo Rincon,2004,BS,248,Athletics,2,2,3,6,4,2,2,1,26,80,1,L,Reliever
Barry Zito,2004,BS,251,Athletics,4,2,4,6,5,1,2,23,26,530,7,L,Starter
Rheal Cormier,2004,BS,256,Phillies,6,2,4,8,2,1,2,1,27,250,1,L,Reliever
Vicente Padilla,2004,BS,257,Phillies,3,1,4,7,4,1,2,1,25,270,7,R,Starter
Carlos Silva,2004,BS,261,Phillies,4,2,4,5,2,3,3,1,26,70,1,R,Reliever
Randy Wolf,2004,BS,263,Phillies,4,3,5,6,2,1,2,1,24,390,6,L,Starter
Kris Benson,2004,BS,264,Pirates,2,3,4,6,5,1,1,22,24,240,6,R,Starter
Jeff D'Amico,2004,BS,265,Pirates,2,2,3,6,5,1,2,1,24,50,6,R,Starter
Brian Meadows,2004,BS,268,Pirates,3,1,3,8,4,0,3,1,25,110,2,R,Reliever
Adam Eaton,2004,BS,275,Padres,3,1,4,7,4,1,2,1,25,230,6,R,Starter
Luther Hackman,2004,BS,276,Padres,1,2,7,5,2,2,1,1,22,10,1,R,Reliever
Brian Lawrence,2004,BS,278,Padres,3,1,3,8,4,1,2,1,24,240,6,R,Starter
Jim Brower,2004,BS,284,Giants,3,1,4,8,3,1,2,1,26,130,2,R,Reliever
Felix Rodriguez,2004,BS,290,Giants,2,3,4,5,4,1,2,1,26,70,1,R,Reliever
Jason Schmidt,2004,BS,292,Giants,6,3,5,5,3,1,2,1,26,670,7,R,Starter
Tim Worrell,2004,BS,294,Giants,6,4,4,6,1,2,3,23,26,200,1,R,Closer
Ryan Franklin,2004,BS,297,Mariners,4,4,3,6,4,0,2,1,23,350,7,R,Starter
Shigetoshi Hasegawa,2004,BS,299,Mariners,5,1,3,8,4,1,2,1,26,200,1,R,Closer
Jamie Moyer,2004,BS,302,Mariners,4,3,3,6,4,1,2,1,25,410,7,L,Starter
Jeff Fassero,2004,BS,308,Cardinals,2,1,4,6,3,1,3,2,23,50,2,L,Reliever
Jason Isringhausen,2004,BS,310,Cardinals,5,1,6,7,3,1,2,24,27,230,1,R,Closer
Garrett Stephenson,2004,BS,316,Cardinals,3,2,3,5,5,1,2,2,23,30,5,R,Starter
Woody Williams,2004,BS,317,Cardinals,4,4,4,6,3,0,2,1,25,350,6,R,Starter
Lance Carter,2004,BS,319,Devil Rays,2,1,3,5,9,1,1,21,24,140,1,R,Closer
Travis Harper,2004,BS,322,Devil Rays,3,1,4,8,3,2,2,23,25,160,2,R,Reliever
Jorge Sosa,2004,BS,327,Devil Rays,1,3,3,6,4,1,2,1,25,10,5,R,Starter
Francisco Cordero,2004,BS,329,Rangers,3,2,6,7,2,1,2,24,27,140,1,R,Closer
Aaron Fultz,2004,BS,330,Rangers,1,0,4,7,4,2,2,1,24,10,1,L,Reliever
John Thomson,2004,BS,335,Rangers,3,1,3,7,5,1,2,1,24,180,6,R,Starter
Ismael Valdes,2004,BS,336,Rangers,1,2,2,7,4,1,2,2,23,10,5,R,Starter
Kelvim Escobar,2004,BS,340,Blue Jays,2,3,5,7,1,1,2,1,22,80,5,R,Starter
Roy Halladay,2004,BS,341,Blue Jays,5,2,6,7,2,0,3,21,24,500,8,R,Starter
Cliff Politte,2004,BS,346,Blue Jays,3,2,4,5,4,1,2,2,25,100,1,R,Closer
Shawn Chacon,2004,PR,1,Rockies,1,4,6,4,2,0,1,3,23,10,1,R,Closer
Russ Ortiz,2004,PR,3,Braves,4,4,5,5,2,1,2,1,26,360,7,R,Starter
Jason Simontacchi,2004,PR,4,Cardinals,1,4,0,7,2,2,2,2,1,10,1,R,Reliever
Oscar Villarreal,2004,PR,5,Diamondbacks,1,1,6,4,4,2,2,1,24,10,1,R,Reliever
Rocky Biddle,2004,PR,6,Expos,1,3,2,9,2,1,2,1,26,20,1,R,Closer
Joe Borowski,2004,PR,7,Cubs,1,3,5,4,3,2,3,24,28,40,1,R,Closer
Shawn Estes,2004,PR,8,Rockies,2,1,3,8,4,1,2,1,24,50,6,L,Starter
Carlos Silva,2004,PR,12,Twins,2,1,2,8,5,1,2,1,27,100,7,R,Starter
Francisco Cordero,2004,PR,14,Rangers,2,1,5,6,5,2,1,24,28,150,1,R,Closer
Trevor Hoffman,2004,PR,16,Padres,4,1,5,6,5,0,2,1,28,190,1,R,Closer
Mike Maroth,2004,PR,18,Tigers,2,3,4,8,1,1,3,23,26,160,6,L,Starter
John Smoltz,2004,PR,20,Braves,6,1,7,5,3,0,2,2,21,170,1,R,Reliever
Buddy Groom,2004,PR,22,Orioles,3,2,6,6,2,1,3,24,28,180,1,L,Reliever
Jason Schmidt,2004,PR,24,Giants,6,2,6,5,3,1,3,22,26,700,7,R,Starter
Dan Kolb,2004,PR,25,Brewers,6,3,6,6,2,0,3,25,27,290,1,R,Closer
Eric Gagne,2004,PR,28,Dodgers,6,2,7,5,3,1,2,21,23,330,1,R,Closer
Kazuhisha Ishii,2004,PR,29,Dodgers,4,4,2,6,4,1,2,1,24,400,7,L,Starter
B.J. Ryan,2004,PR,30,Orioles,5,2,7,5,2,2,2,24,28,240,1,L,Reliever
Mark Mulder,2004,PR,31,Athletics,5,1,5,7,3,1,2,1,26,450,7,L,Starter
Nate Robertson,2004,PR,34,Tigers,1,1,6,6,2,2,2,1,24,10,5,L,Starter
Jake Peavy,2004,PR,37,Padres,4,1,5,7,5,1,1,24,28,540,7,R,Starter
Esteban Loaiza,2004,PR,38,White Sox,4,5,3,6,2,1,3,21,22,300,7,R,Starter
Mike Stanton,2004,PR,39,Mets,5,3,3,7,4,1,2,24,28,300,1,L,Reliever
Kevin Gregg,2004,PR,40,Angels,5,2,5,5,4,1,2,1,28,320,2,R,Reliever
Steve Trachsel,2004,PR,41,Mets,4,1,3,7,5,1,2,1,24,320,6,R,Starter
Shingo Takatsu,2004,PR,43,White Sox,5,2,6,3,7,0,2,22,24,340,1,R,Reliever
Kip Wells,2004,PR,48,Pirates,3,2,5,6,4,1,2,24,27,360,6,R,Starter
Pedro Martinez,2004,PR,51,Red Sox,5,3,5,5,4,0,3,21,24,440,6,R,Starter
Kenny Rogers,2004,PR,53,Rangers,4,2,3,6,6,1,2,21,25,450,7,L,Starter
R.A. Dickey,2004,PR,59,Rangers,3,3,3,8,2,2,2,21,23,470,7,R,Starter
Kerry Wood,2004,PR,63,Cubs,5,1,7,5,3,1,2,1,26,490,7,R,Starter
Randy Johnson,2004,PR,64,Diamondbacks,5,1,7,6,3,1,1,1,26,530,7,L,Starter
Roger Clemens,2004,PR,66,Astros,5,1,6,6,4,1,2,23,25,500,7,R,Starter
Brad Penny,2004,PR,67,Marlins,5,1,5,7,4,1,2,22,23,480,7,R,Starter
Matt Clement,2004,PR,68,Cubs,5,0,6,8,3,1,1,1,27,570,6,R,Starter
Jose Contreras,2004,PR,80,Yankees,1,4,7,4,3,1,1,21,22,90,6,R,Starter
Jason Jennings,2004,PR,81,Rockies,1,2,2,7,3,2,2,2,22,10,5,R,Starter
Matt Mantei,2004,PR,82,Diamondbacks,1,3,7,2,2,2,2,1,1,10,1,R,Reliever
Luis Vizcaino,2004,PR,83,Brewers,1,3,5,4,2,2,2,2,23,10,1,R,Reliever
Luis Ayala,2004,PR,84,Expos,2,2,3,9,2,1,2,1,27,40,1,R,Reliever
Danny Patterson,2004,PR,85,Tigers,3,3,3,9,1,1,2,1,24,80,1,R,Reliever
C.J. Nitkowski,2004,PR,86,Braves,1,1,5,8,3,2,1,23,25,90,1,L,Reliever
Mike Timlin,2004,PR,89,Red Sox,3,2,6,6,2,1,2,1,28,120,1,R,Reliever
Danys Baez,2004,PR,92,Devil Rays,5,1,5,6,5,2,1,24,28,260,1,R,Reliever
J. C. Romero,2004,PR,93,Twins,1,3,0,13,4,0,21,24,28,140,1,L,Reliever
Dan Miceli,2004,PR,94,Astros,4,1,6,6,3,1,3,24,27,290,1,R,Reliever
Armando Benitez,2004,PR,95,Marlins,5,1,8,6,2,2,1,23,25,320,1,R,Closer
Danny Graves,2004,PR,98,Reds,5,2,5,5,5,1,2,23,27,240,1,R,Closer
Tom Glavine,2004,PR,107,Mets,5,2,4,7,3,1,2,1,25,430,6,L,Starter
Ben Sheets,2004,PR,110,Brewers,5,2,4,7,3,1,3,21,24,480,7,R,Starter
Curt Schilling,2004,PR,113,Red Sox,5,1,6,5,5,1,1,1,23,550,7,R,Starter
Carl Pavano,2004,PR,114,Devil Rays,5,3,4,6,4,0,2,1,26,560,7,R,Starter
Whitey Ford,2004,PR,118,Yankees,6,3,7,4,2,1,2,1,24,600,8,L,Starter
Jim Palmer,2004,PR,119,Orioles,6,2,7,4,3,2,2,21,24,610,8,R,Starter
Tom Seaver,2004,PR,124,Mets,6,2,8,3,3,1,3,22,24,630,7,R,Starter
Bob Feller,2004,PR,125,Indians,6,1,8,3,4,1,3,21,26,660,8,R,Starter
Jose Mesa,2004,TD,1,Pirates,1,3,5,6,2,1,2,1,26,10,1,R,Closer
Jeff Weaver,2004,TD,4,Dodgers,1,2,3,9,1,1,3,1,27,10,5,R,Starter
Arthur Rhodes,2004,TD,15,Athletics,3,3,5,6,2,2,1,1,24,100,1,L,Reliever
Grant Balfour,2004,TD,18,Twins,3,2,6,5,3,2,2,21,23,130,2,R,Reliever
Javier Lopez,2004,TD,19,Rockies,4,2,4,4,6,1,2,1,25,130,1,L,Reliever
Jeff Nelson,2004,TD,20,Rangers,3,3,7,5,2,1,2,23,26,130,1,R,Reliever
Kelvim Escobar,2004,TD,21,Angels,2,1,5,7,3,1,2,1,24,140,5,R,Starter
Braden Looper,2004,TD,22,Mets,3,3,4,7,2,1,3,24,27,140,1,R,Closer
Horacio Ramirez,2004,TD,25,Braves,2,1,3,6,6,1,2,1,24,140,6,L,Starter
Scott Sullivan,2004,TD,28,Royals,3,2,5,7,2,2,2,23,25,150,1,R,Reliever
Tim Worrell,2004,TD,36,Phillies,4,1,4,8,2,2,2,1,26,160,1,R,Reliever
Tom Gordon,2004,TD,39,Yankees,4,1,7,6,2,1,2,1,25,170,1,R,Reliever
Aquilino Lopez,2004,TD,43,Blue Jays,4,2,5,4,5,2,2,22,24,190,1,R,Reliever
Julian Tavarez,2004,TD,44,Cardinals,4,5,3,6,2,1,3,23,26,190,1,R,Reliever
LaTroy Hawkins,2004,TD,52,Cubs,5,4,5,5,2,1,3,23,26,220,1,R,Reliever
Pat Hentgen,2004,TD,53,Blue Jays,3,3,3,7,3,2,1,1,25,220,6,R,Starter
Eddie Guardado,2004,TD,54,Mariners,6,2,6,6,3,1,1,1,24,240,1,L,Closer
Keith Foulke,2004,TD,60,Red Sox,6,2,5,4,6,1,1,1,24,260,1,R,Closer
Rafael Soriano,2004,TD,63,Mariners,5,2,7,4,4,1,2,22,24,240,1,R,Reliever
Randy Johnson,2004,TD,65,Diamondbacks,4,3,6,5,2,1,3,21,22,320,6,L,Starter
John Burkett,2004,TD,66,Red Sox,3,2,3,8,4,1,2,24,27,310,6,R,Starter
Matt Morris,2004,TD,68,Cardinals,4,2,4,7,3,1,2,1,25,310,6,R,Starter
Ted Lilly,2004,TD,71,Blue Jays,3,1,4,5,6,1,3,22,24,340,6,L,Starter
David Wells,2004,TD,72,Padres,4,1,3,8,4,0,3,1,25,340,7,L,Starter
Brandon Webb,2004,TD,77,Diamondbacks,4,1,5,6,5,1,2,21,24,450,7,R,Starter
Joel Pineiro,2004,TD,78,Mariners,4,1,4,10,1,2,2,23,26,470,7,R,Starter
Curt Schilling,2004,TD,81,Red Sox,5,3,6,5,2,1,3,22,26,550,8,R,Starter
Kevin Brown,2004,TD,82,Yankees,5,4,5,6,2,1,2,23,25,620,7,R,Starter
Chad Cordero,2004,TD,83,Expos,5,1,7,4,4,1,1,2,25,120,1,R,Reliever
Rich Harden,2004,TD,84,Athletics,2,3,6,5,4,1,1,21,26,140,6,R,Starter
Paul Quantrill,2004,TD,86,Yankees,5,4,3,7,2,1,3,23,25,210,1,R,Reliever
Joe Nathan,2004,TD,88,Twins,5,4,6,5,2,1,2,23,25,240,1,R,Reliever
Jose Valverde,2004,TD,89,Diamondbacks,5,3,8,5,1,2,1,24,27,240,1,R,Reliever
Francisco Rodriguez,2004,TD,90,Angels,5,3,6,5,3,1,1,1,24,250,1,R,Reliever
Billy Wagner,2004,TD,91,Phillies,6,4,7,4,2,1,1,1,22,250,1,L,Closer
Greg Maddux,2004,TD,95,Cubs,4,3,3,8,3,0,2,1,23,340,6,R,Starter
Andy Pettitte,2004,TD,96,Astros,4,2,5,6,3,1,3,21,24,350,7,L,Starter
Roger Clemens,2004,TD,98,Astros,5,1,5,5,6,1,2,21,25,500,7,R,Starter
Bartolo Colon,2004,TD,99,Angels,4,2,4,5,6,1,2,21,23,470,7,R,Starter
Javier Vazquez,2004,TD,102,Yankees,5,3,6,5,2,1,2,1,24,500,7,R,Starter
Esteban Loaiza,2004,TD,103,White Sox,5,2,7,6,2,1,2,22,25,590,8,R,Starter
Tom Glavine,2004,TD,110,Braves,4,1,4,7,5,1,1,1,25,420,7,L,Starter
Mike Mussina,2004,TD,112,Orioles,5,2,5,7,3,1,2,22,24,630,7,R,Starter
Greg Maddux,2004,TD,114,Braves,6,2,5,8,2,0,2,1,24,670,7,R,Starter
Roger Clemens,2004,TD,115,Blue Jays,5,2,6,7,2,1,2,23,26,700,8,R,Starter
Rollie Fingers,2004,TD,116,Brewers,5,2,8,4,2,2,2,21,27,330,2,R,Reliever
Bob Gibson,2004,TD,122,Cardinals,5,2,8,4,2,3,1,23,29,610,9,R,Starter
Warren Spahn,2004,TD,124,Braves,6,3,6,6,2,1,2,21,23,650,9,L,Starter
Scot Shields,2005,BS,1,Angels,4,1,5,7,3,1,2,1,27,240,2,R,Reliever
Kevin Gregg,2005,BS,6,Angels,3,2,5,6,3,1,2,1,26,130,2,R,Reliever
Jason Johnson,2005,BS,7,Tigers,2,3,3,8,2,1,2,1,25,90,6,R,Starter
Troy Percival,2005,BS,10,Angels,4,4,4,5,3,1,3,22,24,190,1,R,Closer
Francisco Rodriguez,2005,BS,11,Angels,5,2,8,5,2,1,2,24,28,250,1,R,Closer
Edwin Jackson,2005,BS,12,Dodgers,1,3,4,6,2,1,2,2,21,10,5,R,Starter
Juan Rincon,2005,BS,15,Twins,5,3,7,5,2,1,2,23,26,250,1,R,Reliever
Randy Johnson,2005,BS,18,Diamondbacks,6,2,7,4,3,1,3,21,26,600,8,L,Starter
Mike Koplove,2005,BS,19,Diamondbacks,2,3,4,8,2,1,2,23,26,120,1,R,Reliever
Brandon Webb,2005,BS,21,Diamondbacks,2,0,4,9,2,2,2,1,26,200,6,R,Starter
Antonio Alfonseca,2005,BS,22,Braves,3,2,3,9,2,2,2,23,26,160,1,R,Reliever
John Smoltz,2005,BS,31,Braves,5,3,6,6,2,1,2,23,25,220,1,R,Closer
John Thomson,2005,BS,32,Braves,3,2,4,7,3,1,2,1,25,290,6,R,Starter
Jaret Wright,2005,BS,33,Braves,4,1,5,6,4,1,2,1,27,420,6,R,Starter
Buddy Groom,2005,BS,34,Orioles,1,1,3,7,4,1,3,1,25,20,1,L,Reliever
Jorge Julio,2005,BS,36,Orioles,2,2,5,5,4,2,2,22,24,130,1,R,Closer
Rodrigo Lopez,2005,BS,37,Orioles,4,3,4,7,3,1,2,22,24,420,5,R,Starter
B.J. Ryan,2005,BS,41,Orioles,5,1,8,5,3,1,2,24,27,240,1,L,Reliever
Alan Embree,2005,BS,46,Red Sox,5,2,4,5,5,1,2,1,24,190,1,L,Reliever
Keith Foulke,2005,BS,47,Red Sox,5,1,5,4,6,1,2,1,25,240,1,R,Closer
Pedro Martinez,2005,BS,49,Red Sox,4,1,6,4,5,1,2,1,24,390,7,R,Starter
Curt Schilling,2005,BS,54,Red Sox,5,2,4,6,4,1,2,1,25,480,7,R,Starter
Mike Timlin,2005,BS,55,Red Sox,4,3,3,8,2,1,2,1,25,150,1,R,Reliever
Matt Clement,2005,BS,59,Cubs,3,1,6,7,3,1,2,22,24,370,6,R,Starter
Kyle Farnsworth,2005,BS,60,Cubs,2,2,7,5,3,1,2,22,24,100,1,R,Reliever
LaTroy Hawkins,2005,BS,62,Cubs,5,3,5,6,3,1,2,22,24,220,1,R,Closer
Greg Maddux,2005,BS,65,Cubs,4,2,4,8,3,1,2,22,23,380,6,R,Starter
Kent Mercker,2005,BS,66,Cubs,4,4,5,5,2,2,2,23,26,170,1,L,Reliever
Kerry Wood,2005,BS,69,Cubs,3,2,7,5,5,0,1,21,27,600,6,R,Starter
Mark Buehrle,2005,BS,70,White Sox,3,3,4,7,2,1,2,1,24,260,8,L,Starter
Freddy Garcia,2005,BS,72,White Sox,4,2,5,6,3,1,2,1,25,380,7,R,Starter
Damaso Marte,2005,BS,75,White Sox,4,4,5,5,2,2,2,22,24,190,1,L,Reliever
Shingo Takatsu,2005,BS,77,White Sox,5,2,4,6,5,1,2,23,25,240,1,R,Closer
Aaron Harang,2005,BS,84,Reds,2,2,4,6,4,1,2,1,24,100,6,R,Starter
Phil Norton,2005,BS,89,Reds,1,1,3,8,3,2,2,1,26,30,1,L,Reliever
John Riedling,2005,BS,90,Reds,1,2,3,8,3,1,2,1,25,30,1,R,Reliever
Paul Wilson,2005,BS,91,Reds,2,1,3,7,5,1,2,1,24,150,6,R,Starter
Cliff Lee,2005,BS,98,Indians,2,1,5,5,5,1,2,1,24,110,5,L,Starter
David Riske,2005,BS,100,Indians,2,3,5,5,3,1,1,2,24,100,1,R,Reliever
C.C. Sabathia,2005,BS,101,Indians,3,2,1,9,6,1,1,24,27,490,7,L,Starter
Jake Westbrook,2005,BS,103,Indians,4,1,3,9,3,1,2,1,25,380,7,R,Starter
Shawn Chacon,2005,BS,106,Rockies,1,2,4,4,4,2,2,2,23,10,1,R,Closer
Jason Jennings,2005,BS,109,Rockies,1,2,4,7,3,1,2,1,24,10,6,R,Starter
Steve Reed,2005,BS,112,Rockies,2,3,3,7,3,1,2,1,25,90,1,R,Reliever
Mike Maroth,2005,BS,116,Tigers,2,0,3,8,5,1,2,1,25,160,7,L,Starter
Nate Robertson,2005,BS,119,Tigers,3,2,4,7,2,2,2,1,24,230,6,L,Starter
Ugueth Urbina,2005,BS,122,Tigers,3,4,6,4,3,2,1,22,24,170,1,R,Closer
Esteban Yan,2005,BS,124,Tigers,2,0,4,7,4,1,3,1,26,60,1,R,Reliever
Josh Beckett,2005,BS,126,Marlins,4,1,5,6,4,1,2,1,25,390,6,R,Starter
Armando Benitez,2005,BS,127,Marlins,6,3,5,4,5,2,1,23,25,310,1,R,Closer
Carl Pavano,2005,BS,133,Marlins,4,3,3,8,2,1,2,1,26,400,7,R,Starter
Matt Perisho,2005,BS,134,Marlins,2,1,5,5,5,2,1,1,24,80,1,L,Reliever
Tim Spooneybarger,2005,BS,136,Marlins,6,0,4,10,3,1,2,24,28,310,1,R,Reliever
Dontrelle Willis,2005,BS,137,Marlins,2,3,4,7,2,1,2,1,25,190,6,L,Starter
Roger Clemens,2005,BS,143,Astros,5,2,5,6,3,1,2,1,26,520,6,R,Starter
Mike Gallo,2005,BS,146,Astros,1,1,4,7,3,1,2,2,22,10,1,L,Reliever
Brad Lidge,2005,BS,149,Astros,5,2,10,3,3,1,1,23,25,250,1,R,Closer
Dan Miceli,2005,BS,150,Astros,4,2,6,5,3,2,2,22,24,180,1,R,Reliever
Wade Miller,2005,BS,151,Astros,3,1,5,5,5,1,2,1,24,300,6,R,Starter
Roy Oswalt,2005,BS,152,Astros,4,2,5,6,4,1,2,21,26,490,8,R,Starter
Shawn Camp,2005,BS,154,Royals,2,1,4,8,3,1,2,1,24,80,2,R,Reliever
Darrell May,2005,BS,157,Royals,1,4,4,5,2,1,2,2,23,10,6,L,Starter
Scott Sullivan,2005,BS,161,Royals,1,2,4,5,5,1,2,1,24,20,1,R,Reliever
Wilson Alvarez,2005,BS,163,Dodgers,4,4,5,5,2,1,3,23,25,290,5,L,Starter
Eric Gagne,2005,BS,167,Dodgers,6,1,8,5,3,1,2,23,26,310,1,R,Closer
Kazuhisa Ishii,2005,BS,169,Dodgers,2,1,3,5,6,2,2,1,25,150,6,L,Starter
Jose Lima,2005,BS,171,Dodgers,4,2,5,6,4,1,2,21,25,430,7,R,Starter
Jeff Weaver,2005,BS,172,Dodgers,3,2,4,6,4,1,2,1,26,280,6,R,Starter
Jeff Bennett,2005,BS,173,Brewers,2,1,3,7,5,1,2,1,24,60,1,R,Reliever
Doug Davis,2005,BS,177,Brewers,3,1,4,7,4,1,2,1,26,320,6,L,Starter
Brooks Kieschnick,2005,BS,180,Brewers,3,1,4,7,4,1,2,1,24,110,1,R,Reliever
Dan Kolb,2005,BS,181,Brewers,5,2,2,11,1,1,3,24,27,230,1,R,Closer
Victor Santos,2005,BS,185,Brewers,2,1,4,6,5,1,2,1,25,140,5,R,Starter
Scott Linebrink,2005,BS,193,Padres,5,2,6,4,4,1,2,1,25,210,1,R,Reliever
Brad Radke,2005,BS,194,Twins,4,2,4,7,4,0,2,1,25,410,6,R,Starter
Johan Santana,2005,BS,195,Twins,6,2,6,5,4,1,2,22,24,640,7,L,Starter
Ben Sheets,2005,BS,196,Brewers,5,2,6,6,3,0,2,1,25,510,7,R,Starter
Danny Graves,2005,BS,199,Reds,4,2,3,9,2,1,2,1,24,210,1,R,Closer
Runelvys Hernandez,2005,BS,200,Royals,3,4,3,7,2,1,2,1,25,270,6,R,Starter
Scot Shields,2005,BS,203,Angels,4,1,5,7,3,1,2,1,27,210,2,R,Reliever
Ricky Bottalico,2005,BS,206,Mets,3,3,5,5,3,1,2,1,27,150,1,R,Reliever
Tom Glavine,2005,BS,209,Mets,4,2,3,8,3,1,2,1,25,390,6,L,Starter
Al Leiter,2005,BS,211,Mets,3,3,4,6,2,2,2,1,25,300,6,L,Starter
Braden Looper,2005,BS,212,Mets,4,2,4,9,1,1,3,24,27,180,1,R,Closer
Kevin Brown,2005,BS,218,Yankees,4,2,3,7,4,2,2,21,25,320,6,R,Starter
Tom Gordon,2005,BS,220,Yankees,6,3,6,6,2,1,1,1,26,300,1,R,Reliever
Paul Quantrill,2005,BS,224,Yankees,2,1,2,8,4,1,3,1,27,60,1,R,Reliever
Mariano Rivera,2005,BS,225,Yankees,5,1,5,8,2,1,3,24,27,240,1,R,Closer
Javier Vazquez,2005,BS,228,Yankees,3,1,4,5,6,1,3,21,23,320,6,R,Starter
Mark Mulder,2005,BS,238,Athletics,4,1,4,9,3,1,1,1,25,400,7,L,Starter
Ricardo Rincon,2005,BS,239,Athletics,2,2,5,6,4,1,2,24,27,120,1,L,Reliever
Barry Zito,2005,BS,241,Athletics,2,3,4,5,4,1,2,1,24,160,6,L,Starter
Rheal Cormier,2005,BS,245,Phillies,4,2,3,8,2,2,2,1,25,160,1,L,Reliever
Eric Milton,2005,BS,248,Phillies,4,3,3,8,2,1,2,1,24,380,7,L,Starter
Vicente Padilla,2005,BS,249,Phillies,3,3,4,7,3,0,2,1,24,230,6,R,Starter
Lance Carter,2005,BS,251,Devil Rays,4,4,2,5,5,1,2,1,24,150,1,R,Reliever
Billy Wagner,2005,BS,255,Phillies,6,2,7,6,3,0,2,22,24,310,1,L,Closer
Randy Wolf,2005,BS,256,Phillies,3,3,3,6,4,1,2,1,24,230,6,L,Starter
Jose Mesa,2005,BS,261,Pirates,2,4,3,7,2,1,2,1,26,80,1,R,Closer
Oliver Perez,2005,BS,262,Pirates,4,4,7,4,2,1,1,1,24,420,7,L,Starter
Salomon Torres,2005,BS,264,Pirates,4,0,4,9,3,1,2,1,26,180,1,R,Reliever
Kip Wells,2005,BS,266,Pirates,2,2,4,7,3,1,2,1,25,180,6,R,Starter
Trevor Hoffman,2005,BS,274,Padres,6,4,6,4,3,1,1,1,25,280,1,R,Closer
Akinori Otsuka,2005,BS,278,Padres,5,3,6,6,2,1,2,23,26,240,1,R,Reliever
Jake Peavy,2005,BS,280,Padres,4,1,6,6,3,1,3,21,26,470,6,R,Starter
David Wells,2005,BS,281,Padres,5,1,3,9,4,0,2,1,24,480,6,L,Starter
Jim Brower,2005,BS,283,Giants,3,1,4,8,3,1,2,1,27,140,1,R,Reliever
Scott Eyre,2005,BS,286,Giants,4,1,4,5,5,2,2,1,24,150,1,L,Reliever
Jason Schmidt,2005,BS,290,Giants,5,2,6,6,3,1,2,21,26,580,7,R,Starter
Brett Tomko,2005,BS,292,Giants,3,3,3,7,3,1,2,1,25,250,6,R,Starter
Ryan Franklin,2005,BS,295,Mariners,2,3,3,6,4,1,2,1,24,90,6,R,Starter
Eddie Guardado,2005,BS,296,Mariners,5,1,6,4,5,1,2,1,22,180,1,L,Closer
Shigetoshi Hasegawa,2005,BS,297,Mariners,2,3,4,6,3,1,2,1,26,80,1,R,Reliever
Joel Pineiro,2005,BS,300,Mariners,3,2,4,6,3,1,3,1,24,190,7,R,Starter
Chris Carpenter,2005,BS,305,Cardinals,5,3,4,7,1,1,4,21,24,450,7,R,Starter
Jason Isringhausen,2005,BS,307,Cardinals,5,3,5,7,2,1,1,1,26,230,1,R,Closer
Ray King,2005,BS,308,Cardinals,5,2,4,8,3,1,1,1,28,250,1,L,Reliever
Matt Morris,2005,BS,310,Cardinals,3,2,3,8,3,1,1,2,23,170,6,R,Starter
Julian Tavarez,2005,BS,315,Cardinals,4,2,3,8,3,1,2,1,28,180,1,R,Reliever
Woody Williams,2005,BS,317,Cardinals,3,4,4,6,2,1,2,1,25,250,6,R,Starter
Danys Baez,2005,BS,319,Devil Rays,3,1,4,6,5,1,2,1,26,140,1,R,Closer
Dewon Brazelton,2005,BS,321,Devil Rays,2,2,3,6,5,1,2,1,25,160,5,R,Starter
Travis Harper,2005,BS,325,Devil Rays,4,1,4,6,5,1,2,1,25,190,2,R,Reliever
Francisco Cordero,2005,BS,331,Rangers,4,2,6,5,3,1,3,21,28,230,1,R,Closer
Chan HoPark,2005,BS,332,Rangers,1,2,4,7,3,0,2,2,22,10,6,R,Starter
Kenny Rogers,2005,BS,335,Rangers,2,2,3,7,4,1,2,1,25,90,6,L,Starter
Brian Shouse,2005,BS,336,Rangers,4,1,4,9,2,1,2,1,26,170,1,L,Reliever
Miguel Batista,2005,BS,340,Blue Jays,1,2,3,8,3,1,2,1,25,40,5,R,Starter
Roy Halladay,2005,BS,343,Blue Jays,3,1,4,8,3,1,3,23,25,320,6,R,Starter
Justin Speier,2005,BS,347,Blue Jays,3,3,5,5,4,1,2,23,25,160,1,R,Reliever
Shawn Estes,2005,TD,7,Diamondbacks,1,1,3,8,3,2,2,1,24,10,6,L,Starter
J.J. Putz,2005,TD,8,Mariners,2,2,4,7,3,1,2,1,24,60,1,R,Reliever
Mike DeJean,2005,TD,9,Mets,1,1,4,6,3,2,3,1,28,10,1,R,Reliever
Matt Mantei,2005,TD,12,Red Sox,1,4,6,3,2,1,2,1,1,10,1,R,Reliever
Neal Cotts,2005,TD,13,White Sox,2,2,5,6,3,1,2,1,23,70,1,L,Reliever
Glendon Rusch,2005,TD,15,Cubs,4,2,4,6,4,1,2,1,26,400,5,L,Starter
Ron Villone,2005,TD,17,Mariners,2,2,4,6,3,2,2,1,25,10,1,L,Reliever
Kazuhisa Ishii,2005,TD,21,Mets,2,1,3,4,7,2,2,1,24,120,6,L,Starter
Dustin Hermanson,2005,TD,22,White Sox,3,2,4,6,4,1,2,1,25,280,5,R,Starter
Al Leiter,2005,TD,23,Marlins,2,2,4,6,4,2,1,1,26,100,6,L,Starter
Octavio Dotel,2005,TD,24,Athletics,5,2,8,3,4,1,1,1,25,290,1,R,Closer
Kevin Millwood,2005,TD,27,Indians,3,2,5,6,4,1,2,23,25,320,7,R,Starter
John Riedling,2005,TD,29,Marlins,1,3,3,8,2,1,2,1,25,40,1,R,Reliever
Rich Harden,2005,TD,30,Athletics,5,1,3,8,4,1,3,21,26,480,7,R,Starter
Aaron Sele,2005,TD,31,Mariners,1,3,2,7,3,1,3,1,25,20,5,R,Starter
Jose Lima,2005,TD,33,Royals,4,2,3,7,4,0,2,2,22,350,5,R,Starter
Wilson Alvarez,2005,TD,37,Dodgers,4,4,5,5,3,1,2,23,25,440,5,L,Starter
Matt Perisho,2005,TD,39,Marlins,2,4,5,5,2,2,1,1,24,110,1,L,Reliever
Roberto Hernandez,2005,TD,40,Mets,1,2,4,7,3,1,2,1,24,30,1,R,Reliever
Brett Myers,2005,TD,43,Phillies,2,2,3,7,3,1,2,2,23,100,6,R,Starter
Carlos Silva,2005,TD,44,Twins,4,2,5,7,2,1,3,21,26,370,7,R,Starter
Randy Johnson,2005,TD,45,Yankees,6,2,7,4,3,1,3,21,26,600,7,L,Starter
Jeremy Bonderman,2005,TD,46,Tigers,3,3,5,6,2,1,2,1,24,300,6,R,Starter
Chris Carpenter,2005,TD,52,Cardinals,4,0,5,8,3,1,2,1,24,270,7,R,Starter
Cal Eldred,2005,TD,56,Cardinals,3,2,4,5,4,1,2,2,23,60,1,R,Reliever
Ismael Valdez,2005,TD,60,Marlins,2,3,2,7,3,1,2,2,23,100,5,R,Starter
Nate Bump,2005,TD,61,Marlins,1,1,3,9,2,1,3,1,26,30,1,R,Reliever
David Wells,2005,TD,62,Red Sox,5,1,3,8,4,0,3,1,24,420,6,L,Starter
Carlos Zambrano,2005,TD,64,Cubs,3,2,5,7,2,1,2,1,26,130,7,R,Starter
Russ Springer,2005,TD,66,Astros,1,4,3,4,5,1,2,1,27,50,1,R,Reliever
Elmer Dessens,2005,TD,67,Dodgers,2,2,4,8,2,1,2,1,24,110,5,R,Starter
Kris Benson,2005,TD,68,Mets,3,2,4,7,3,1,2,1,26,280,6,R,Starter
Al Reyes,2005,TD,69,Cardinals,4,4,5,5,2,3,1,22,26,330,1,R,Reliever
Antonio Osuna,2005,TD,72,Nationals,4,2,5,5,4,1,2,1,26,190,1,R,Reliever
Jason Christiansen,2005,TD,75,Giants,1,1,3,8,3,3,2,23,26,80,1,L,Reliever
Dennys Reyes,2005,TD,77,Padres,1,1,5,7,3,1,2,1,25,60,5,L,Starter
Mark Hendrickson,2005,TD,80,Devil Rays,2,2,3,8,4,1,2,23,25,150,6,L,Starter
Carl Pavano,2005,TD,83,Yankees,4,1,3,8,4,1,2,1,26,310,7,R,Starter
Eric Milton,2005,TD,85,Reds,3,3,4,4,4,1,2,2,22,250,6,L,Starter
Bob Wickman,2005,TD,87,Indians,2,1,5,8,2,1,2,1,24,80,1,R,Closer
Hideo Nomo,2005,TD,88,Devil Rays,1,3,3,4,5,1,2,2,22,10,5,R,Starter
Tony Armas,2005,TD,89,Nationals,1,2,4,5,5,3,1,21,24,80,5,R,Starter
Russ Ortiz,2005,TD,91,Diamondbacks,1,1,4,6,5,1,2,1,25,20,6,R,Starter
Esteban Yan,2005,TD,94,Angels,2,2,4,7,2,2,2,1,26,80,1,R,Reliever
Tim Hudson,2005,TD,95,Braves,5,1,6,4,5,2,1,1,25,520,7,R,Starter
David Weathers,2005,TD,99,Reds,1,3,4,7,2,1,3,22,24,60,1,R,Reliever
Mark Mulder,2005,TD,101,Cardinals,4,1,4,9,3,1,1,1,25,400,7,L,Starter
Jeff Nelson,2005,TD,106,Mariners,1,4,5,6,1,2,2,23,25,90,1,R,Reliever
Troy Percival,2005,TD,107,Tigers,4,2,4,5,6,1,2,22,24,210,1,R,Closer
Brian Lawrence,2005,TD,108,Padres,2,2,3,8,3,1,2,1,24,120,6,R,Starter
Odalis Perez,2005,TD,110,Dodgers,4,1,4,8,4,1,1,1,24,380,6,L,Starter
John Franco,2005,TD,111,Astros,2,1,4,8,3,1,2,1,24,100,1,L,Reliever
Doug Brocail,2005,TD,112,Rangers,2,1,4,8,2,2,2,1,27,110,1,R,Reliever
Jason Marquis,2005,TD,115,Cardinals,2,2,4,8,2,1,2,1,24,130,6,R,Starter
Livan Hernandez,2005,TD,119,Nationals,4,1,4,7,4,1,2,1,25,290,7,R,Starter
Zack Greinke,2005,TD,120,Royals,5,1,4,5,6,1,1,2,23,400,6,R,Starter
Chris Hammond,2005,TD,121,Padres,3,1,3,7,5,1,2,1,26,120,1,L,Reliever
Kent Mercker,2005,TD,122,Reds,4,3,5,5,2,2,2,1,26,180,1,L,Reliever
Ryan Drese,2005,TD,123,Rangers,2,0,3,9,4,1,2,1,26,110,6,R,Starter
Pedro Martinez,2005,TD,124,Mets,5,3,6,5,2,1,3,21,24,460,7,R,Starter
Derek Lowe,2005,TD,129,Dodgers,1,1,3,9,3,1,2,1,26,30,6,R,Starter
David Bush,2005,TD,132,Blue Jays,4,3,4,6,3,1,2,1,24,270,6,R,Starter
Matt Clement,2005,TD,134,Red Sox,3,1,6,7,3,1,2,22,24,370,6,R,Starter
Paul Byrd,2005,TD,135,Angels,4,1,3,5,6,1,2,2,23,290,6,R,Starter
Frank Francisco,2005,TD,140,Rangers,3,5,6,3,2,2,2,23,26,170,1,R,Reliever
Woody Williams,2005,TD,141,Padres,3,3,4,6,4,0,2,1,25,350,6,R,Starter
Jeff Suppan,2005,TD,144,Cardinals,2,3,3,8,2,1,2,1,24,120,6,R,Starter
Steve Reed,2005,TD,145,Orioles,2,1,3,7,5,1,2,1,25,90,1,R,Reliever
Jon Lieber,2005,TD,146,Phillies,3,1,3,8,4,0,3,1,25,270,7,R,Starter
Bronson Arroyo,2005,TD,150,Red Sox,3,2,4,7,3,1,2,1,25,310,6,R,Starter
Antonio Alfonseca,2005,TD,155,Marlins,3,1,3,10,2,1,2,1,26,180,1,R,Reliever
Armando Benitez,2005,TD,157,Giants,6,1,5,4,7,2,1,23,25,320,1,R,Closer
Esteban Loaiza,2005,TD,158,Nationals,2,4,4,6,2,1,2,1,24,160,6,R,Starter
Steve Kline,2005,TD,159,Orioles,4,2,4,8,2,2,2,23,26,240,1,L,Reliever
Hoyt Wilhelm,2005,TD,166,Orioles,6,2,5,6,3,1,3,21,28,340,2,R,Reliever
Nolan Ryan,2005,TD,175,Angels,5,1,9,2,5,3,21,22,23,750,8,R,Starter
